MOD13Q1.A2003001.h12v12.006.2015153072955.250m_16_days_EVI,MOD13Q1,A2003001,Lat-37.23767Lon-73.3125Samp1Line1,2015153072955,250m_16_days_EVI,0.2093
MOD13Q1.A2003017.h12v12.006.2015154060508.250m_16_days_EVI,MOD13Q1,A2003017,Lat-37.23767Lon-73.3125Samp1Line1,2015154060508,250m_16_days_EVI,0.255
MOD13Q1.A2003033.h12v12.006.2015156052831.250m_16_days_EVI,MOD13Q1,A2003033,Lat-37.23767Lon-73.3125Samp1Line1,2015156052831,250m_16_days_EVI,0.1043
MOD13Q1.A2003049.h12v12.006.2015156083126.250m_16_days_EVI,MOD13Q1,A2003049,Lat-37.23767Lon-73.3125Samp1Line1,2015156083126,250m_16_days_EVI,0.1652
MOD13Q1.A2003065.h12v12.006.2015156190633.250m_16_days_EVI,MOD13Q1,A2003065,Lat-37.23767Lon-73.3125Samp1Line1,2015156190633,250m_16_days_EVI,0.0475
MOD13Q1.A2003081.h12v12.006.2015156190727.250m_16_days_EVI,MOD13Q1,A2003081,Lat-37.23767Lon-73.3125Samp1Line1,2015156190727,250m_16_days_EVI,0.1526
MOD13Q1.A2003097.h12v12.006.2015158151955.250m_16_days_EVI,MOD13Q1,A2003097,Lat-37.23767Lon-73.3125Samp1Line1,2015158151955,250m_16_days_EVI,0.1312
MOD13Q1.A2003113.h12v12.006.2015158153035.250m_16_days_EVI,MOD13Q1,A2003113,Lat-37.23767Lon-73.3125Samp1Line1,2015158153035,250m_16_days_EVI,0.0535
MOD13Q1.A2003129.h12v12.006.2015158153805.250m_16_days_EVI,MOD13Q1,A2003129,Lat-37.23767Lon-73.3125Samp1Line1,2015158153805,250m_16_days_EVI,0.0504
MOD13Q1.A2003145.h12v12.006.2015158154511.250m_16_days_EVI,MOD13Q1,A2003145,Lat-37.23767Lon-73.3125Samp1Line1,2015158154511,250m_16_days_EVI,0.2751
MOD13Q1.A2003161.h12v12.006.2015159142424.250m_16_days_EVI,MOD13Q1,A2003161,Lat-37.23767Lon-73.3125Samp1Line1,2015159142424,250m_16_days_EVI,0.1974
MOD13Q1.A2003177.h12v12.006.2015161132307.250m_16_days_EVI,MOD13Q1,A2003177,Lat-37.23767Lon-73.3125Samp1Line1,2015161132307,250m_16_days_EVI,0.2193
MOD13Q1.A2003193.h12v12.006.2015153110206.250m_16_days_EVI,MOD13Q1,A2003193,Lat-37.23767Lon-73.3125Samp1Line1,2015153110206,250m_16_days_EVI,0.2332
MOD13Q1.A2003209.h12v12.006.2015153105850.250m_16_days_EVI,MOD13Q1,A2003209,Lat-37.23767Lon-73.3125Samp1Line1,2015153105850,250m_16_days_EVI,0.1216
MOD13Q1.A2003225.h12v12.006.2015153114308.250m_16_days_EVI,MOD13Q1,A2003225,Lat-37.23767Lon-73.3125Samp1Line1,2015153114308,250m_16_days_EVI,0.1441
MOD13Q1.A2003241.h12v12.006.2015153114316.250m_16_days_EVI,MOD13Q1,A2003241,Lat-37.23767Lon-73.3125Samp1Line1,2015153114316,250m_16_days_EVI,0.1373
MOD13Q1.A2003257.h12v12.006.2015153114134.250m_16_days_EVI,MOD13Q1,A2003257,Lat-37.23767Lon-73.3125Samp1Line1,2015153114134,250m_16_days_EVI,0.0891
MOD13Q1.A2003273.h12v12.006.2015153120036.250m_16_days_EVI,MOD13Q1,A2003273,Lat-37.23767Lon-73.3125Samp1Line1,2015153120036,250m_16_days_EVI,0.0697
MOD13Q1.A2003289.h12v12.006.2015153122839.250m_16_days_EVI,MOD13Q1,A2003289,Lat-37.23767Lon-73.3125Samp1Line1,2015153122839,250m_16_days_EVI,0.054
MOD13Q1.A2003305.h12v12.006.2015153124854.250m_16_days_EVI,MOD13Q1,A2003305,Lat-37.23767Lon-73.3125Samp1Line1,2015153124854,250m_16_days_EVI,0.1572
MOD13Q1.A2003321.h12v12.006.2015153130312.250m_16_days_EVI,MOD13Q1,A2003321,Lat-37.23767Lon-73.3125Samp1Line1,2015153130312,250m_16_days_EVI,0.1514
MOD13Q1.A2003337.h12v12.006.2015153130100.250m_16_days_EVI,MOD13Q1,A2003337,Lat-37.23767Lon-73.3125Samp1Line1,2015153130100,250m_16_days_EVI,0.2197
MOD13Q1.A2003353.h12v12.006.2018222145959.250m_16_days_EVI,MOD13Q1,A2003353,Lat-37.23767Lon-73.3125Samp1Line1,2018222145959,250m_16_days_EVI,0.3069
MOD13Q1.A2004001.h12v12.006.2015154120956.250m_16_days_EVI,MOD13Q1,A2004001,Lat-37.23767Lon-73.3125Samp1Line1,2015154120956,250m_16_days_EVI,0.2962
MOD13Q1.A2004017.h12v12.006.2015154120717.250m_16_days_EVI,MOD13Q1,A2004017,Lat-37.23767Lon-73.3125Samp1Line1,2015154120717,250m_16_days_EVI,0.2931
MOD13Q1.A2004033.h12v12.006.2015154122028.250m_16_days_EVI,MOD13Q1,A2004033,Lat-37.23767Lon-73.3125Samp1Line1,2015154122028,250m_16_days_EVI,0.2734
MOD13Q1.A2004049.h12v12.006.2015154125125.250m_16_days_EVI,MOD13Q1,A2004049,Lat-37.23767Lon-73.3125Samp1Line1,2015154125125,250m_16_days_EVI,0.1815
MOD13Q1.A2004065.h12v12.006.2015154125713.250m_16_days_EVI,MOD13Q1,A2004065,Lat-37.23767Lon-73.3125Samp1Line1,2015154125713,250m_16_days_EVI,0.0529
MOD13Q1.A2004081.h12v12.006.2015154125120.250m_16_days_EVI,MOD13Q1,A2004081,Lat-37.23767Lon-73.3125Samp1Line1,2015154125120,250m_16_days_EVI,0.3359
MOD13Q1.A2004097.h12v12.006.2015154125050.250m_16_days_EVI,MOD13Q1,A2004097,Lat-37.23767Lon-73.3125Samp1Line1,2015154125050,250m_16_days_EVI,0.0375
MOD13Q1.A2004113.h12v12.006.2015154125825.250m_16_days_EVI,MOD13Q1,A2004113,Lat-37.23767Lon-73.3125Samp1Line1,2015154125825,250m_16_days_EVI,0.0482
MOD13Q1.A2004129.h12v12.006.2015154125954.250m_16_days_EVI,MOD13Q1,A2004129,Lat-37.23767Lon-73.3125Samp1Line1,2015154125954,250m_16_days_EVI,0.165
MOD13Q1.A2004145.h12v12.006.2015154130208.250m_16_days_EVI,MOD13Q1,A2004145,Lat-37.23767Lon-73.3125Samp1Line1,2015154130208,250m_16_days_EVI,0.1948
MOD13Q1.A2004161.h12v12.006.2015154130032.250m_16_days_EVI,MOD13Q1,A2004161,Lat-37.23767Lon-73.3125Samp1Line1,2015154130032,250m_16_days_EVI,0.1056
MOD13Q1.A2004177.h12v12.006.2015154132429.250m_16_days_EVI,MOD13Q1,A2004177,Lat-37.23767Lon-73.3125Samp1Line1,2015154132429,250m_16_days_EVI,0.0958
MOD13Q1.A2004193.h12v12.006.2015154131828.250m_16_days_EVI,MOD13Q1,A2004193,Lat-37.23767Lon-73.3125Samp1Line1,2015154131828,250m_16_days_EVI,0.2088
MOD13Q1.A2004209.h12v12.006.2015154132934.250m_16_days_EVI,MOD13Q1,A2004209,Lat-37.23767Lon-73.3125Samp1Line1,2015154132934,250m_16_days_EVI,0.0146
MOD13Q1.A2004225.h12v12.006.2015154133521.250m_16_days_EVI,MOD13Q1,A2004225,Lat-37.23767Lon-73.3125Samp1Line1,2015154133521,250m_16_days_EVI,0.2281
MOD13Q1.A2004241.h12v12.006.2015154134011.250m_16_days_EVI,MOD13Q1,A2004241,Lat-37.23767Lon-73.3125Samp1Line1,2015154134011,250m_16_days_EVI,0.1457
MOD13Q1.A2004257.h12v12.006.2015154134843.250m_16_days_EVI,MOD13Q1,A2004257,Lat-37.23767Lon-73.3125Samp1Line1,2015154134843,250m_16_days_EVI,0.1034
MOD13Q1.A2004273.h12v12.006.2015154135033.250m_16_days_EVI,MOD13Q1,A2004273,Lat-37.23767Lon-73.3125Samp1Line1,2015154135033,250m_16_days_EVI,0.1096
MOD13Q1.A2004289.h12v12.006.2015154134808.250m_16_days_EVI,MOD13Q1,A2004289,Lat-37.23767Lon-73.3125Samp1Line1,2015154134808,250m_16_days_EVI,0.1305
MOD13Q1.A2004305.h12v12.006.2015154140039.250m_16_days_EVI,MOD13Q1,A2004305,Lat-37.23767Lon-73.3125Samp1Line1,2015154140039,250m_16_days_EVI,0.2907
MOD13Q1.A2004321.h12v12.006.2015154140936.250m_16_days_EVI,MOD13Q1,A2004321,Lat-37.23767Lon-73.3125Samp1Line1,2015154140936,250m_16_days_EVI,0.1874
MOD13Q1.A2004337.h12v12.006.2015154141301.250m_16_days_EVI,MOD13Q1,A2004337,Lat-37.23767Lon-73.3125Samp1Line1,2015154141301,250m_16_days_EVI,0.0898
MOD13Q1.A2004353.h12v12.006.2018226091458.250m_16_days_EVI,MOD13Q1,A2004353,Lat-37.23767Lon-73.3125Samp1Line1,2018226091458,250m_16_days_EVI,0.1382
MOD13Q1.A2005001.h12v12.006.2015157042930.250m_16_days_EVI,MOD13Q1,A2005001,Lat-37.23767Lon-73.3125Samp1Line1,2015157042930,250m_16_days_EVI,0.3194
MOD13Q1.A2005017.h12v12.006.2015157044814.250m_16_days_EVI,MOD13Q1,A2005017,Lat-37.23767Lon-73.3125Samp1Line1,2015157044814,250m_16_days_EVI,0.0775
MOD13Q1.A2005033.h12v12.006.2015157044610.250m_16_days_EVI,MOD13Q1,A2005033,Lat-37.23767Lon-73.3125Samp1Line1,2015157044610,250m_16_days_EVI,0.2261
MOD13Q1.A2005049.h12v12.006.2015157045825.250m_16_days_EVI,MOD13Q1,A2005049,Lat-37.23767Lon-73.3125Samp1Line1,2015157045825,250m_16_days_EVI,0.2642
MOD13Q1.A2005065.h12v12.006.2015157045539.250m_16_days_EVI,MOD13Q1,A2005065,Lat-37.23767Lon-73.3125Samp1Line1,2015157045539,250m_16_days_EVI,0.1472
MOD13Q1.A2005081.h12v12.006.2015157050528.250m_16_days_EVI,MOD13Q1,A2005081,Lat-37.23767Lon-73.3125Samp1Line1,2015157050528,250m_16_days_EVI,0.0649
MOD13Q1.A2005097.h12v12.006.2015157045550.250m_16_days_EVI,MOD13Q1,A2005097,Lat-37.23767Lon-73.3125Samp1Line1,2015157045550,250m_16_days_EVI,0.1629
MOD13Q1.A2005113.h12v12.006.2015157051723.250m_16_days_EVI,MOD13Q1,A2005113,Lat-37.23767Lon-73.3125Samp1Line1,2015157051723,250m_16_days_EVI,-0.0781
MOD13Q1.A2005129.h12v12.006.2015157052554.250m_16_days_EVI,MOD13Q1,A2005129,Lat-37.23767Lon-73.3125Samp1Line1,2015157052554,250m_16_days_EVI,0.1135
MOD13Q1.A2005145.h12v12.006.2015157053526.250m_16_days_EVI,MOD13Q1,A2005145,Lat-37.23767Lon-73.3125Samp1Line1,2015157053526,250m_16_days_EVI,0.2571
MOD13Q1.A2005161.h12v12.006.2015157052742.250m_16_days_EVI,MOD13Q1,A2005161,Lat-37.23767Lon-73.3125Samp1Line1,2015157052742,250m_16_days_EVI,0.0851
MOD13Q1.A2005177.h12v12.006.2015157054024.250m_16_days_EVI,MOD13Q1,A2005177,Lat-37.23767Lon-73.3125Samp1Line1,2015157054024,250m_16_days_EVI,F
MOD13Q1.A2005193.h12v12.006.2015157054103.250m_16_days_EVI,MOD13Q1,A2005193,Lat-37.23767Lon-73.3125Samp1Line1,2015157054103,250m_16_days_EVI,0.1703
MOD13Q1.A2005209.h12v12.006.2015157055934.250m_16_days_EVI,MOD13Q1,A2005209,Lat-37.23767Lon-73.3125Samp1Line1,2015157055934,250m_16_days_EVI,0.1709
MOD13Q1.A2005225.h12v12.006.2015157055948.250m_16_days_EVI,MOD13Q1,A2005225,Lat-37.23767Lon-73.3125Samp1Line1,2015157055948,250m_16_days_EVI,0.1536
MOD13Q1.A2005241.h12v12.006.2015157055823.250m_16_days_EVI,MOD13Q1,A2005241,Lat-37.23767Lon-73.3125Samp1Line1,2015157055823,250m_16_days_EVI,0.2207
MOD13Q1.A2005257.h12v12.006.2015157061010.250m_16_days_EVI,MOD13Q1,A2005257,Lat-37.23767Lon-73.3125Samp1Line1,2015157061010,250m_16_days_EVI,0.1006
MOD13Q1.A2005273.h12v12.006.2015157060507.250m_16_days_EVI,MOD13Q1,A2005273,Lat-37.23767Lon-73.3125Samp1Line1,2015157060507,250m_16_days_EVI,0.1464
MOD13Q1.A2005289.h12v12.006.2015157061534.250m_16_days_EVI,MOD13Q1,A2005289,Lat-37.23767Lon-73.3125Samp1Line1,2015157061534,250m_16_days_EVI,0.0063
MOD13Q1.A2005305.h12v12.006.2015157061814.250m_16_days_EVI,MOD13Q1,A2005305,Lat-37.23767Lon-73.3125Samp1Line1,2015157061814,250m_16_days_EVI,0.1407
MOD13Q1.A2005321.h12v12.006.2015157062912.250m_16_days_EVI,MOD13Q1,A2005321,Lat-37.23767Lon-73.3125Samp1Line1,2015157062912,250m_16_days_EVI,0.3112
MOD13Q1.A2005337.h12v12.006.2015157062956.250m_16_days_EVI,MOD13Q1,A2005337,Lat-37.23767Lon-73.3125Samp1Line1,2015157062956,250m_16_days_EVI,0.1109
MOD13Q1.A2005353.h12v12.006.2018226090715.250m_16_days_EVI,MOD13Q1,A2005353,Lat-37.23767Lon-73.3125Samp1Line1,2018226090715,250m_16_days_EVI,0.2219
MOD13Q1.A2006001.h12v12.006.2015161090411.250m_16_days_EVI,MOD13Q1,A2006001,Lat-37.23767Lon-73.3125Samp1Line1,2015161090411,250m_16_days_EVI,0.2219
MOD13Q1.A2006017.h12v12.006.2015161112219.250m_16_days_EVI,MOD13Q1,A2006017,Lat-37.23767Lon-73.3125Samp1Line1,2015161112219,250m_16_days_EVI,0.2635
MOD13Q1.A2006033.h12v12.006.2015161114924.250m_16_days_EVI,MOD13Q1,A2006033,Lat-37.23767Lon-73.3125Samp1Line1,2015161114924,250m_16_days_EVI,0.2396
MOD13Q1.A2006049.h12v12.006.2015161120558.250m_16_days_EVI,MOD13Q1,A2006049,Lat-37.23767Lon-73.3125Samp1Line1,2015161120558,250m_16_days_EVI,0.2244
MOD13Q1.A2006065.h12v12.006.2015161120044.250m_16_days_EVI,MOD13Q1,A2006065,Lat-37.23767Lon-73.3125Samp1Line1,2015161120044,250m_16_days_EVI,0.0809
MOD13Q1.A2006081.h12v12.006.2015161121406.250m_16_days_EVI,MOD13Q1,A2006081,Lat-37.23767Lon-73.3125Samp1Line1,2015161121406,250m_16_days_EVI,0.3122
MOD13Q1.A2006097.h12v12.006.2015161151708.250m_16_days_EVI,MOD13Q1,A2006097,Lat-37.23767Lon-73.3125Samp1Line1,2015161151708,250m_16_days_EVI,0.2778
MOD13Q1.A2006113.h12v12.006.2015161154439.250m_16_days_EVI,MOD13Q1,A2006113,Lat-37.23767Lon-73.3125Samp1Line1,2015161154439,250m_16_days_EVI,0.1913
MOD13Q1.A2006129.h12v12.006.2015161161217.250m_16_days_EVI,MOD13Q1,A2006129,Lat-37.23767Lon-73.3125Samp1Line1,2015161161217,250m_16_days_EVI,0.1449
MOD13Q1.A2006145.h12v12.006.2015161160542.250m_16_days_EVI,MOD13Q1,A2006145,Lat-37.23767Lon-73.3125Samp1Line1,2015161160542,250m_16_days_EVI,0.1485
MOD13Q1.A2006161.h12v12.006.2015161173351.250m_16_days_EVI,MOD13Q1,A2006161,Lat-37.23767Lon-73.3125Samp1Line1,2015161173351,250m_16_days_EVI,0.2133
MOD13Q1.A2006177.h12v12.006.2015161172535.250m_16_days_EVI,MOD13Q1,A2006177,Lat-37.23767Lon-73.3125Samp1Line1,2015161172535,250m_16_days_EVI,0.3157
MOD13Q1.A2006193.h12v12.006.2015161174637.250m_16_days_EVI,MOD13Q1,A2006193,Lat-37.23767Lon-73.3125Samp1Line1,2015161174637,250m_16_days_EVI,0.1018
MOD13Q1.A2006209.h12v12.006.2015161191811.250m_16_days_EVI,MOD13Q1,A2006209,Lat-37.23767Lon-73.3125Samp1Line1,2015161191811,250m_16_days_EVI,0.0414
MOD13Q1.A2006225.h12v12.006.2015161193236.250m_16_days_EVI,MOD13Q1,A2006225,Lat-37.23767Lon-73.3125Samp1Line1,2015161193236,250m_16_days_EVI,0.0245
MOD13Q1.A2006241.h12v12.006.2015161195056.250m_16_days_EVI,MOD13Q1,A2006241,Lat-37.23767Lon-73.3125Samp1Line1,2015161195056,250m_16_days_EVI,0.1493
MOD13Q1.A2006257.h12v12.006.2015161200827.250m_16_days_EVI,MOD13Q1,A2006257,Lat-37.23767Lon-73.3125Samp1Line1,2015161200827,250m_16_days_EVI,0.1248
MOD13Q1.A2006273.h12v12.006.2015161202802.250m_16_days_EVI,MOD13Q1,A2006273,Lat-37.23767Lon-73.3125Samp1Line1,2015161202802,250m_16_days_EVI,0.1587
MOD13Q1.A2006289.h12v12.006.2015161205543.250m_16_days_EVI,MOD13Q1,A2006289,Lat-37.23767Lon-73.3125Samp1Line1,2015161205543,250m_16_days_EVI,0.1132
MOD13Q1.A2006305.h12v12.006.2015161210543.250m_16_days_EVI,MOD13Q1,A2006305,Lat-37.23767Lon-73.3125Samp1Line1,2015161210543,250m_16_days_EVI,0.0357
MOD13Q1.A2006321.h12v12.006.2015161212505.250m_16_days_EVI,MOD13Q1,A2006321,Lat-37.23767Lon-73.3125Samp1Line1,2015161212505,250m_16_days_EVI,0.0835
MOD13Q1.A2006337.h12v12.006.2015161214228.250m_16_days_EVI,MOD13Q1,A2006337,Lat-37.23767Lon-73.3125Samp1Line1,2015161214228,250m_16_days_EVI,0.1993
MOD13Q1.A2006353.h12v12.006.2018226095112.250m_16_days_EVI,MOD13Q1,A2006353,Lat-37.23767Lon-73.3125Samp1Line1,2018226095112,250m_16_days_EVI,0.142
MOD13Q1.A2007001.h12v12.006.2015160165533.250m_16_days_EVI,MOD13Q1,A2007001,Lat-37.23767Lon-73.3125Samp1Line1,2015160165533,250m_16_days_EVI,0.3465
MOD13Q1.A2007017.h12v12.006.2015161220616.250m_16_days_EVI,MOD13Q1,A2007017,Lat-37.23767Lon-73.3125Samp1Line1,2015161220616,250m_16_days_EVI,0.3074
MOD13Q1.A2007033.h12v12.006.2015161220125.250m_16_days_EVI,MOD13Q1,A2007033,Lat-37.23767Lon-73.3125Samp1Line1,2015161220125,250m_16_days_EVI,0.0792
MOD13Q1.A2007049.h12v12.006.2015161222259.250m_16_days_EVI,MOD13Q1,A2007049,Lat-37.23767Lon-73.3125Samp1Line1,2015161222259,250m_16_days_EVI,0.2035
MOD13Q1.A2007065.h12v12.006.2015161225033.250m_16_days_EVI,MOD13Q1,A2007065,Lat-37.23767Lon-73.3125Samp1Line1,2015161225033,250m_16_days_EVI,0.0266
MOD13Q1.A2007081.h12v12.006.2015161230427.250m_16_days_EVI,MOD13Q1,A2007081,Lat-37.23767Lon-73.3125Samp1Line1,2015161230427,250m_16_days_EVI,0.0898
MOD13Q1.A2007097.h12v12.006.2015161233720.250m_16_days_EVI,MOD13Q1,A2007097,Lat-37.23767Lon-73.3125Samp1Line1,2015161233720,250m_16_days_EVI,0.1639
MOD13Q1.A2007113.h12v12.006.2015161232726.250m_16_days_EVI,MOD13Q1,A2007113,Lat-37.23767Lon-73.3125Samp1Line1,2015161232726,250m_16_days_EVI,0.2592
MOD13Q1.A2007129.h12v12.006.2015161235055.250m_16_days_EVI,MOD13Q1,A2007129,Lat-37.23767Lon-73.3125Samp1Line1,2015161235055,250m_16_days_EVI,0.2384
MOD13Q1.A2007145.h12v12.006.2015161235629.250m_16_days_EVI,MOD13Q1,A2007145,Lat-37.23767Lon-73.3125Samp1Line1,2015161235629,250m_16_days_EVI,F
MOD13Q1.A2007161.h12v12.006.2015162000721.250m_16_days_EVI,MOD13Q1,A2007161,Lat-37.23767Lon-73.3125Samp1Line1,2015162000721,250m_16_days_EVI,0.1626
MOD13Q1.A2007177.h12v12.006.2015162002951.250m_16_days_EVI,MOD13Q1,A2007177,Lat-37.23767Lon-73.3125Samp1Line1,2015162002951,250m_16_days_EVI,0.0186
MOD13Q1.A2007193.h12v12.006.2015162003610.250m_16_days_EVI,MOD13Q1,A2007193,Lat-37.23767Lon-73.3125Samp1Line1,2015162003610,250m_16_days_EVI,0.1293
MOD13Q1.A2007209.h12v12.006.2015164011825.250m_16_days_EVI,MOD13Q1,A2007209,Lat-37.23767Lon-73.3125Samp1Line1,2015164011825,250m_16_days_EVI,0.1685
MOD13Q1.A2007225.h12v12.006.2015164160911.250m_16_days_EVI,MOD13Q1,A2007225,Lat-37.23767Lon-73.3125Samp1Line1,2015164160911,250m_16_days_EVI,0.0549
MOD13Q1.A2007241.h12v12.006.2015164183819.250m_16_days_EVI,MOD13Q1,A2007241,Lat-37.23767Lon-73.3125Samp1Line1,2015164183819,250m_16_days_EVI,0.0682
MOD13Q1.A2007257.h12v12.006.2015167042755.250m_16_days_EVI,MOD13Q1,A2007257,Lat-37.23767Lon-73.3125Samp1Line1,2015167042755,250m_16_days_EVI,0.1946
MOD13Q1.A2007273.h12v12.006.2015167051058.250m_16_days_EVI,MOD13Q1,A2007273,Lat-37.23767Lon-73.3125Samp1Line1,2015167051058,250m_16_days_EVI,0.0814
MOD13Q1.A2007289.h12v12.006.2015167192521.250m_16_days_EVI,MOD13Q1,A2007289,Lat-37.23767Lon-73.3125Samp1Line1,2015167192521,250m_16_days_EVI,0.1816
MOD13Q1.A2007305.h12v12.006.2015168084257.250m_16_days_EVI,MOD13Q1,A2007305,Lat-37.23767Lon-73.3125Samp1Line1,2015168084257,250m_16_days_EVI,0.1607
MOD13Q1.A2007321.h12v12.006.2015168093939.250m_16_days_EVI,MOD13Q1,A2007321,Lat-37.23767Lon-73.3125Samp1Line1,2015168093939,250m_16_days_EVI,0.091
MOD13Q1.A2007337.h12v12.006.2015169033423.250m_16_days_EVI,MOD13Q1,A2007337,Lat-37.23767Lon-73.3125Samp1Line1,2015169033423,250m_16_days_EVI,0.3321
MOD13Q1.A2007353.h12v12.006.2018222150331.250m_16_days_EVI,MOD13Q1,A2007353,Lat-37.23767Lon-73.3125Samp1Line1,2018222150331,250m_16_days_EVI,0.2062
MOD13Q1.A2008001.h12v12.006.2015169103126.250m_16_days_EVI,MOD13Q1,A2008001,Lat-37.23767Lon-73.3125Samp1Line1,2015169103126,250m_16_days_EVI,0.2062
MOD13Q1.A2008017.h12v12.006.2015170040855.250m_16_days_EVI,MOD13Q1,A2008017,Lat-37.23767Lon-73.3125Samp1Line1,2015170040855,250m_16_days_EVI,0.3049
MOD13Q1.A2008033.h12v12.006.2015170045849.250m_16_days_EVI,MOD13Q1,A2008033,Lat-37.23767Lon-73.3125Samp1Line1,2015170045849,250m_16_days_EVI,0.2503
MOD13Q1.A2008049.h12v12.006.2015172130628.250m_16_days_EVI,MOD13Q1,A2008049,Lat-37.23767Lon-73.3125Samp1Line1,2015172130628,250m_16_days_EVI,0.0322
MOD13Q1.A2008065.h12v12.006.2015172180438.250m_16_days_EVI,MOD13Q1,A2008065,Lat-37.23767Lon-73.3125Samp1Line1,2015172180438,250m_16_days_EVI,0.1034
MOD13Q1.A2008081.h12v12.006.2015173013128.250m_16_days_EVI,MOD13Q1,A2008081,Lat-37.23767Lon-73.3125Samp1Line1,2015173013128,250m_16_days_EVI,0.0195
MOD13Q1.A2008097.h12v12.006.2015173053854.250m_16_days_EVI,MOD13Q1,A2008097,Lat-37.23767Lon-73.3125Samp1Line1,2015173053854,250m_16_days_EVI,0.0398
MOD13Q1.A2008113.h12v12.006.2015173161535.250m_16_days_EVI,MOD13Q1,A2008113,Lat-37.23767Lon-73.3125Samp1Line1,2015173161535,250m_16_days_EVI,0.0992
MOD13Q1.A2008129.h12v12.006.2015175090905.250m_16_days_EVI,MOD13Q1,A2008129,Lat-37.23767Lon-73.3125Samp1Line1,2015175090905,250m_16_days_EVI,0.2531
MOD13Q1.A2008145.h12v12.006.2015175110848.250m_16_days_EVI,MOD13Q1,A2008145,Lat-37.23767Lon-73.3125Samp1Line1,2015175110848,250m_16_days_EVI,0.0635
MOD13Q1.A2008161.h12v12.006.2015176080858.250m_16_days_EVI,MOD13Q1,A2008161,Lat-37.23767Lon-73.3125Samp1Line1,2015176080858,250m_16_days_EVI,0.1562
MOD13Q1.A2008177.h12v12.006.2015176071811.250m_16_days_EVI,MOD13Q1,A2008177,Lat-37.23767Lon-73.3125Samp1Line1,2015176071811,250m_16_days_EVI,0.2068
MOD13Q1.A2008193.h12v12.006.2015177045241.250m_16_days_EVI,MOD13Q1,A2008193,Lat-37.23767Lon-73.3125Samp1Line1,2015177045241,250m_16_days_EVI,0.244
MOD13Q1.A2008209.h12v12.006.2015177045021.250m_16_days_EVI,MOD13Q1,A2008209,Lat-37.23767Lon-73.3125Samp1Line1,2015177045021,250m_16_days_EVI,0.0811
MOD13Q1.A2008225.h12v12.006.2015178165551.250m_16_days_EVI,MOD13Q1,A2008225,Lat-37.23767Lon-73.3125Samp1Line1,2015178165551,250m_16_days_EVI,0.1387
MOD13Q1.A2008241.h12v12.006.2015179221107.250m_16_days_EVI,MOD13Q1,A2008241,Lat-37.23767Lon-73.3125Samp1Line1,2015179221107,250m_16_days_EVI,0.1006
MOD13Q1.A2008257.h12v12.006.2015179222924.250m_16_days_EVI,MOD13Q1,A2008257,Lat-37.23767Lon-73.3125Samp1Line1,2015179222924,250m_16_days_EVI,0.2299
MOD13Q1.A2008273.h12v12.006.2015180221702.250m_16_days_EVI,MOD13Q1,A2008273,Lat-37.23767Lon-73.3125Samp1Line1,2015180221702,250m_16_days_EVI,0.0493
MOD13Q1.A2008289.h12v12.006.2015180222457.250m_16_days_EVI,MOD13Q1,A2008289,Lat-37.23767Lon-73.3125Samp1Line1,2015180222457,250m_16_days_EVI,0.1995
MOD13Q1.A2008305.h12v12.006.2015181144850.250m_16_days_EVI,MOD13Q1,A2008305,Lat-37.23767Lon-73.3125Samp1Line1,2015181144850,250m_16_days_EVI,0.156
MOD13Q1.A2008321.h12v12.006.2015181150104.250m_16_days_EVI,MOD13Q1,A2008321,Lat-37.23767Lon-73.3125Samp1Line1,2015181150104,250m_16_days_EVI,0.1246
MOD13Q1.A2008337.h12v12.006.2015184002935.250m_16_days_EVI,MOD13Q1,A2008337,Lat-37.23767Lon-73.3125Samp1Line1,2015184002935,250m_16_days_EVI,0.0524
MOD13Q1.A2008353.h12v12.006.2018226094611.250m_16_days_EVI,MOD13Q1,A2008353,Lat-37.23767Lon-73.3125Samp1Line1,2018226094611,250m_16_days_EVI,0.1289
MOD13Q1.A2009001.h12v12.006.2015186060633.250m_16_days_EVI,MOD13Q1,A2009001,Lat-37.23767Lon-73.3125Samp1Line1,2015186060633,250m_16_days_EVI,0.1096
MOD13Q1.A2009017.h12v12.006.2015186063516.250m_16_days_EVI,MOD13Q1,A2009017,Lat-37.23767Lon-73.3125Samp1Line1,2015186063516,250m_16_days_EVI,0.3184
MOD13Q1.A2009033.h12v12.006.2015187064319.250m_16_days_EVI,MOD13Q1,A2009033,Lat-37.23767Lon-73.3125Samp1Line1,2015187064319,250m_16_days_EVI,0.0599
MOD13Q1.A2009049.h12v12.006.2015187061840.250m_16_days_EVI,MOD13Q1,A2009049,Lat-37.23767Lon-73.3125Samp1Line1,2015187061840,250m_16_days_EVI,0.2494
MOD13Q1.A2009065.h12v12.006.2015188085528.250m_16_days_EVI,MOD13Q1,A2009065,Lat-37.23767Lon-73.3125Samp1Line1,2015188085528,250m_16_days_EVI,0.1135
MOD13Q1.A2009081.h12v12.006.2015188091404.250m_16_days_EVI,MOD13Q1,A2009081,Lat-37.23767Lon-73.3125Samp1Line1,2015188091404,250m_16_days_EVI,0.2428
MOD13Q1.A2009097.h12v12.006.2015189152653.250m_16_days_EVI,MOD13Q1,A2009097,Lat-37.23767Lon-73.3125Samp1Line1,2015189152653,250m_16_days_EVI,0.1907
MOD13Q1.A2009113.h12v12.006.2015189143555.250m_16_days_EVI,MOD13Q1,A2009113,Lat-37.23767Lon-73.3125Samp1Line1,2015189143555,250m_16_days_EVI,0.0184
MOD13Q1.A2009129.h12v12.006.2015189212252.250m_16_days_EVI,MOD13Q1,A2009129,Lat-37.23767Lon-73.3125Samp1Line1,2015189212252,250m_16_days_EVI,0.1415
MOD13Q1.A2009145.h12v12.006.2015190114526.250m_16_days_EVI,MOD13Q1,A2009145,Lat-37.23767Lon-73.3125Samp1Line1,2015190114526,250m_16_days_EVI,0.0932
MOD13Q1.A2009161.h12v12.006.2015190221855.250m_16_days_EVI,MOD13Q1,A2009161,Lat-37.23767Lon-73.3125Samp1Line1,2015190221855,250m_16_days_EVI,0.0209
MOD13Q1.A2009177.h12v12.006.2015191093909.250m_16_days_EVI,MOD13Q1,A2009177,Lat-37.23767Lon-73.3125Samp1Line1,2015191093909,250m_16_days_EVI,0.0731
MOD13Q1.A2009193.h12v12.006.2015192141856.250m_16_days_EVI,MOD13Q1,A2009193,Lat-37.23767Lon-73.3125Samp1Line1,2015192141856,250m_16_days_EVI,0.0143
MOD13Q1.A2009209.h12v12.006.2015192135915.250m_16_days_EVI,MOD13Q1,A2009209,Lat-37.23767Lon-73.3125Samp1Line1,2015192135915,250m_16_days_EVI,0.1636
MOD13Q1.A2009225.h12v12.006.2015194144703.250m_16_days_EVI,MOD13Q1,A2009225,Lat-37.23767Lon-73.3125Samp1Line1,2015194144703,250m_16_days_EVI,0.1185
MOD13Q1.A2009241.h12v12.006.2015194151153.250m_16_days_EVI,MOD13Q1,A2009241,Lat-37.23767Lon-73.3125Samp1Line1,2015194151153,250m_16_days_EVI,0.1989
MOD13Q1.A2009257.h12v12.006.2015194225119.250m_16_days_EVI,MOD13Q1,A2009257,Lat-37.23767Lon-73.3125Samp1Line1,2015194225119,250m_16_days_EVI,0.1446
MOD13Q1.A2009273.h12v12.006.2015195130336.250m_16_days_EVI,MOD13Q1,A2009273,Lat-37.23767Lon-73.3125Samp1Line1,2015195130336,250m_16_days_EVI,0.0248
MOD13Q1.A2009289.h12v12.006.2015195224007.250m_16_days_EVI,MOD13Q1,A2009289,Lat-37.23767Lon-73.3125Samp1Line1,2015195224007,250m_16_days_EVI,0.0642
MOD13Q1.A2009305.h12v12.006.2015196131915.250m_16_days_EVI,MOD13Q1,A2009305,Lat-37.23767Lon-73.3125Samp1Line1,2015196131915,250m_16_days_EVI,0.1742
MOD13Q1.A2009321.h12v12.006.2015196202017.250m_16_days_EVI,MOD13Q1,A2009321,Lat-37.23767Lon-73.3125Samp1Line1,2015196202017,250m_16_days_EVI,0.1753
MOD13Q1.A2009337.h12v12.006.2015197070956.250m_16_days_EVI,MOD13Q1,A2009337,Lat-37.23767Lon-73.3125Samp1Line1,2015197070956,250m_16_days_EVI,0.188
MOD13Q1.A2009353.h12v12.006.2018226094133.250m_16_days_EVI,MOD13Q1,A2009353,Lat-37.23767Lon-73.3125Samp1Line1,2018226094133,250m_16_days_EVI,0.1123
MOD13Q1.A2010001.h12v12.006.2015198104346.250m_16_days_EVI,MOD13Q1,A2010001,Lat-37.23767Lon-73.3125Samp1Line1,2015198104346,250m_16_days_EVI,0.2995
MOD13Q1.A2010017.h12v12.006.2015198194433.250m_16_days_EVI,MOD13Q1,A2010017,Lat-37.23767Lon-73.3125Samp1Line1,2015198194433,250m_16_days_EVI,0.1568
MOD13Q1.A2010033.h12v12.006.2015199114944.250m_16_days_EVI,MOD13Q1,A2010033,Lat-37.23767Lon-73.3125Samp1Line1,2015199114944,250m_16_days_EVI,0.2761
MOD13Q1.A2010049.h12v12.006.2015200022507.250m_16_days_EVI,MOD13Q1,A2010049,Lat-37.23767Lon-73.3125Samp1Line1,2015200022507,250m_16_days_EVI,0.0665
MOD13Q1.A2010065.h12v12.006.2015206075134.250m_16_days_EVI,MOD13Q1,A2010065,Lat-37.23767Lon-73.3125Samp1Line1,2015206075134,250m_16_days_EVI,0.082
MOD13Q1.A2010081.h12v12.006.2015206081312.250m_16_days_EVI,MOD13Q1,A2010081,Lat-37.23767Lon-73.3125Samp1Line1,2015206081312,250m_16_days_EVI,0.1173
MOD13Q1.A2010097.h12v12.006.2015206224844.250m_16_days_EVI,MOD13Q1,A2010097,Lat-37.23767Lon-73.3125Samp1Line1,2015206224844,250m_16_days_EVI,0.25
MOD13Q1.A2010113.h12v12.006.2015207155935.250m_16_days_EVI,MOD13Q1,A2010113,Lat-37.23767Lon-73.3125Samp1Line1,2015207155935,250m_16_days_EVI,0.2202
MOD13Q1.A2010129.h12v12.006.2015207185607.250m_16_days_EVI,MOD13Q1,A2010129,Lat-37.23767Lon-73.3125Samp1Line1,2015207185607,250m_16_days_EVI,0.1098
MOD13Q1.A2010145.h12v12.006.2015208151112.250m_16_days_EVI,MOD13Q1,A2010145,Lat-37.23767Lon-73.3125Samp1Line1,2015208151112,250m_16_days_EVI,0.1493
MOD13Q1.A2010161.h12v12.006.2015208191029.250m_16_days_EVI,MOD13Q1,A2010161,Lat-37.23767Lon-73.3125Samp1Line1,2015208191029,250m_16_days_EVI,0.1364
MOD13Q1.A2010177.h12v12.006.2015208201135.250m_16_days_EVI,MOD13Q1,A2010177,Lat-37.23767Lon-73.3125Samp1Line1,2015208201135,250m_16_days_EVI,0.2135
MOD13Q1.A2010193.h12v12.006.2015209095725.250m_16_days_EVI,MOD13Q1,A2010193,Lat-37.23767Lon-73.3125Samp1Line1,2015209095725,250m_16_days_EVI,0.167
MOD13Q1.A2010209.h12v12.006.2015209150342.250m_16_days_EVI,MOD13Q1,A2010209,Lat-37.23767Lon-73.3125Samp1Line1,2015209150342,250m_16_days_EVI,F
MOD13Q1.A2010225.h12v12.006.2015210084537.250m_16_days_EVI,MOD13Q1,A2010225,Lat-37.23767Lon-73.3125Samp1Line1,2015210084537,250m_16_days_EVI,0.1562
MOD13Q1.A2010241.h12v12.006.2015210102359.250m_16_days_EVI,MOD13Q1,A2010241,Lat-37.23767Lon-73.3125Samp1Line1,2015210102359,250m_16_days_EVI,0.1108
MOD13Q1.A2010257.h12v12.006.2015211021706.250m_16_days_EVI,MOD13Q1,A2010257,Lat-37.23767Lon-73.3125Samp1Line1,2015211021706,250m_16_days_EVI,0.165
MOD13Q1.A2010273.h12v12.006.2015211141524.250m_16_days_EVI,MOD13Q1,A2010273,Lat-37.23767Lon-73.3125Samp1Line1,2015211141524,250m_16_days_EVI,0.1031
MOD13Q1.A2010289.h12v12.006.2015211225659.250m_16_days_EVI,MOD13Q1,A2010289,Lat-37.23767Lon-73.3125Samp1Line1,2015211225659,250m_16_days_EVI,0.1485
MOD13Q1.A2010305.h12v12.006.2015213071930.250m_16_days_EVI,MOD13Q1,A2010305,Lat-37.23767Lon-73.3125Samp1Line1,2015213071930,250m_16_days_EVI,0.1017
MOD13Q1.A2010321.h12v12.006.2015213084059.250m_16_days_EVI,MOD13Q1,A2010321,Lat-37.23767Lon-73.3125Samp1Line1,2015213084059,250m_16_days_EVI,0.2858
MOD13Q1.A2010337.h12v12.006.2015213170151.250m_16_days_EVI,MOD13Q1,A2010337,Lat-37.23767Lon-73.3125Samp1Line1,2015213170151,250m_16_days_EVI,0.1829
MOD13Q1.A2010353.h12v12.006.2018226093526.250m_16_days_EVI,MOD13Q1,A2010353,Lat-37.23767Lon-73.3125Samp1Line1,2018226093526,250m_16_days_EVI,0.283
MOD13Q1.A2011001.h12v12.006.2015216115859.250m_16_days_EVI,MOD13Q1,A2011001,Lat-37.23767Lon-73.3125Samp1Line1,2015216115859,250m_16_days_EVI,0.1267
MOD13Q1.A2011017.h12v12.006.2015216145658.250m_16_days_EVI,MOD13Q1,A2011017,Lat-37.23767Lon-73.3125Samp1Line1,2015216145658,250m_16_days_EVI,0.1314
MOD13Q1.A2011033.h12v12.006.2015216131410.250m_16_days_EVI,MOD13Q1,A2011033,Lat-37.23767Lon-73.3125Samp1Line1,2015216131410,250m_16_days_EVI,0.2842
MOD13Q1.A2011049.h12v12.006.2015216134017.250m_16_days_EVI,MOD13Q1,A2011049,Lat-37.23767Lon-73.3125Samp1Line1,2015216134017,250m_16_days_EVI,0.2189
MOD13Q1.A2011065.h12v12.006.2015217063305.250m_16_days_EVI,MOD13Q1,A2011065,Lat-37.23767Lon-73.3125Samp1Line1,2015217063305,250m_16_days_EVI,0.1526
MOD13Q1.A2011081.h12v12.006.2015217155030.250m_16_days_EVI,MOD13Q1,A2011081,Lat-37.23767Lon-73.3125Samp1Line1,2015217155030,250m_16_days_EVI,0.2491
MOD13Q1.A2011097.h12v12.006.2015218082555.250m_16_days_EVI,MOD13Q1,A2011097,Lat-37.23767Lon-73.3125Samp1Line1,2015218082555,250m_16_days_EVI,0.3251
MOD13Q1.A2011113.h12v12.006.2015218103013.250m_16_days_EVI,MOD13Q1,A2011113,Lat-37.23767Lon-73.3125Samp1Line1,2015218103013,250m_16_days_EVI,0.1284
MOD13Q1.A2011129.h12v12.006.2015219100406.250m_16_days_EVI,MOD13Q1,A2011129,Lat-37.23767Lon-73.3125Samp1Line1,2015219100406,250m_16_days_EVI,0.1914
MOD13Q1.A2011145.h12v12.006.2015219145906.250m_16_days_EVI,MOD13Q1,A2011145,Lat-37.23767Lon-73.3125Samp1Line1,2015219145906,250m_16_days_EVI,0.3811
MOD13Q1.A2011161.h12v12.006.2015219192254.250m_16_days_EVI,MOD13Q1,A2011161,Lat-37.23767Lon-73.3125Samp1Line1,2015219192254,250m_16_days_EVI,0.0462
MOD13Q1.A2011177.h12v12.006.2015220080148.250m_16_days_EVI,MOD13Q1,A2011177,Lat-37.23767Lon-73.3125Samp1Line1,2015220080148,250m_16_days_EVI,0.173
MOD13Q1.A2011193.h12v12.006.2015220124931.250m_16_days_EVI,MOD13Q1,A2011193,Lat-37.23767Lon-73.3125Samp1Line1,2015220124931,250m_16_days_EVI,0.1844
MOD13Q1.A2011209.h12v12.006.2015221074411.250m_16_days_EVI,MOD13Q1,A2011209,Lat-37.23767Lon-73.3125Samp1Line1,2015221074411,250m_16_days_EVI,0.0587
MOD13Q1.A2011225.h12v12.006.2015221114005.250m_16_days_EVI,MOD13Q1,A2011225,Lat-37.23767Lon-73.3125Samp1Line1,2015221114005,250m_16_days_EVI,0.2077
MOD13Q1.A2011241.h12v12.006.2015221210838.250m_16_days_EVI,MOD13Q1,A2011241,Lat-37.23767Lon-73.3125Samp1Line1,2015221210838,250m_16_days_EVI,0.3135
MOD13Q1.A2011257.h12v12.006.2015222091623.250m_16_days_EVI,MOD13Q1,A2011257,Lat-37.23767Lon-73.3125Samp1Line1,2015222091623,250m_16_days_EVI,0.2983
MOD13Q1.A2011273.h12v12.006.2015222121250.250m_16_days_EVI,MOD13Q1,A2011273,Lat-37.23767Lon-73.3125Samp1Line1,2015222121250,250m_16_days_EVI,0.2998
MOD13Q1.A2011289.h12v12.006.2015223131503.250m_16_days_EVI,MOD13Q1,A2011289,Lat-37.23767Lon-73.3125Samp1Line1,2015223131503,250m_16_days_EVI,0.2967
MOD13Q1.A2011305.h12v12.006.2015229102425.250m_16_days_EVI,MOD13Q1,A2011305,Lat-37.23767Lon-73.3125Samp1Line1,2015229102425,250m_16_days_EVI,0.2469
MOD13Q1.A2011321.h12v12.006.2015229115857.250m_16_days_EVI,MOD13Q1,A2011321,Lat-37.23767Lon-73.3125Samp1Line1,2015229115857,250m_16_days_EVI,0.1927
MOD13Q1.A2011337.h12v12.006.2015229234122.250m_16_days_EVI,MOD13Q1,A2011337,Lat-37.23767Lon-73.3125Samp1Line1,2015229234122,250m_16_days_EVI,0.1196
MOD13Q1.A2011353.h12v12.006.2018226093020.250m_16_days_EVI,MOD13Q1,A2011353,Lat-37.23767Lon-73.3125Samp1Line1,2018226093020,250m_16_days_EVI,0.1775
MOD13Q1.A2012001.h12v12.006.2015236171002.250m_16_days_EVI,MOD13Q1,A2012001,Lat-37.23767Lon-73.3125Samp1Line1,2015236171002,250m_16_days_EVI,0.1641
MOD13Q1.A2012017.h12v12.006.2015237083332.250m_16_days_EVI,MOD13Q1,A2012017,Lat-37.23767Lon-73.3125Samp1Line1,2015237083332,250m_16_days_EVI,0.2852
MOD13Q1.A2012033.h12v12.006.2015237195342.250m_16_days_EVI,MOD13Q1,A2012033,Lat-37.23767Lon-73.3125Samp1Line1,2015237195342,250m_16_days_EVI,0.2961
MOD13Q1.A2012049.h12v12.006.2015238134230.250m_16_days_EVI,MOD13Q1,A2012049,Lat-37.23767Lon-73.3125Samp1Line1,2015238134230,250m_16_days_EVI,0.1343
MOD13Q1.A2012065.h12v12.006.2015238152358.250m_16_days_EVI,MOD13Q1,A2012065,Lat-37.23767Lon-73.3125Samp1Line1,2015238152358,250m_16_days_EVI,0.223
MOD13Q1.A2012081.h12v12.006.2015239232238.250m_16_days_EVI,MOD13Q1,A2012081,Lat-37.23767Lon-73.3125Samp1Line1,2015239232238,250m_16_days_EVI,0.0764
MOD13Q1.A2012097.h12v12.006.2015240114805.250m_16_days_EVI,MOD13Q1,A2012097,Lat-37.23767Lon-73.3125Samp1Line1,2015240114805,250m_16_days_EVI,0.3271
MOD13Q1.A2012113.h12v12.006.2015240190445.250m_16_days_EVI,MOD13Q1,A2012113,Lat-37.23767Lon-73.3125Samp1Line1,2015240190445,250m_16_days_EVI,0.2206
MOD13Q1.A2012129.h12v12.006.2015246095502.250m_16_days_EVI,MOD13Q1,A2012129,Lat-37.23767Lon-73.3125Samp1Line1,2015246095502,250m_16_days_EVI,0.1237
MOD13Q1.A2012145.h12v12.006.2015246100003.250m_16_days_EVI,MOD13Q1,A2012145,Lat-37.23767Lon-73.3125Samp1Line1,2015246100003,250m_16_days_EVI,0.2691
MOD13Q1.A2012161.h12v12.006.2015247051117.250m_16_days_EVI,MOD13Q1,A2012161,Lat-37.23767Lon-73.3125Samp1Line1,2015247051117,250m_16_days_EVI,0.1604
MOD13Q1.A2012177.h12v12.006.2015247082015.250m_16_days_EVI,MOD13Q1,A2012177,Lat-37.23767Lon-73.3125Samp1Line1,2015247082015,250m_16_days_EVI,0.1423
MOD13Q1.A2012193.h12v12.006.2015247171148.250m_16_days_EVI,MOD13Q1,A2012193,Lat-37.23767Lon-73.3125Samp1Line1,2015247171148,250m_16_days_EVI,0.227
MOD13Q1.A2012209.h12v12.006.2015248094718.250m_16_days_EVI,MOD13Q1,A2012209,Lat-37.23767Lon-73.3125Samp1Line1,2015248094718,250m_16_days_EVI,0.1518
MOD13Q1.A2012225.h12v12.006.2015248124346.250m_16_days_EVI,MOD13Q1,A2012225,Lat-37.23767Lon-73.3125Samp1Line1,2015248124346,250m_16_days_EVI,0.2442
MOD13Q1.A2012241.h12v12.006.2015249120613.250m_16_days_EVI,MOD13Q1,A2012241,Lat-37.23767Lon-73.3125Samp1Line1,2015249120613,250m_16_days_EVI,0.0937
MOD13Q1.A2012257.h12v12.006.2015249145020.250m_16_days_EVI,MOD13Q1,A2012257,Lat-37.23767Lon-73.3125Samp1Line1,2015249145020,250m_16_days_EVI,0.1862
MOD13Q1.A2012273.h12v12.006.2015249215653.250m_16_days_EVI,MOD13Q1,A2012273,Lat-37.23767Lon-73.3125Samp1Line1,2015249215653,250m_16_days_EVI,0.2172
MOD13Q1.A2012289.h12v12.006.2015251140054.250m_16_days_EVI,MOD13Q1,A2012289,Lat-37.23767Lon-73.3125Samp1Line1,2015251140054,250m_16_days_EVI,0.1625
MOD13Q1.A2012305.h12v12.006.2015251161622.250m_16_days_EVI,MOD13Q1,A2012305,Lat-37.23767Lon-73.3125Samp1Line1,2015251161622,250m_16_days_EVI,0.2468
MOD13Q1.A2012321.h12v12.006.2015252201049.250m_16_days_EVI,MOD13Q1,A2012321,Lat-37.23767Lon-73.3125Samp1Line1,2015252201049,250m_16_days_EVI,0.2395
MOD13Q1.A2012337.h12v12.006.2015252231117.250m_16_days_EVI,MOD13Q1,A2012337,Lat-37.23767Lon-73.3125Samp1Line1,2015252231117,250m_16_days_EVI,0.2517
MOD13Q1.A2012353.h12v12.006.2018226105832.250m_16_days_EVI,MOD13Q1,A2012353,Lat-37.23767Lon-73.3125Samp1Line1,2018226105832,250m_16_days_EVI,0.2516
MOD13Q1.A2013001.h12v12.006.2015254155105.250m_16_days_EVI,MOD13Q1,A2013001,Lat-37.23767Lon-73.3125Samp1Line1,2015254155105,250m_16_days_EVI,0.3428
MOD13Q1.A2013017.h12v12.006.2015254143924.250m_16_days_EVI,MOD13Q1,A2013017,Lat-37.23767Lon-73.3125Samp1Line1,2015254143924,250m_16_days_EVI,0.3646
MOD13Q1.A2013033.h12v12.006.2015256072248.250m_16_days_EVI,MOD13Q1,A2013033,Lat-37.23767Lon-73.3125Samp1Line1,2015256072248,250m_16_days_EVI,0.2415
MOD13Q1.A2013049.h12v12.006.2015256171254.250m_16_days_EVI,MOD13Q1,A2013049,Lat-37.23767Lon-73.3125Samp1Line1,2015256171254,250m_16_days_EVI,0.3275
MOD13Q1.A2013065.h12v12.006.2015256175554.250m_16_days_EVI,MOD13Q1,A2013065,Lat-37.23767Lon-73.3125Samp1Line1,2015256175554,250m_16_days_EVI,0.2201
MOD13Q1.A2013081.h12v12.006.2015257075807.250m_16_days_EVI,MOD13Q1,A2013081,Lat-37.23767Lon-73.3125Samp1Line1,2015257075807,250m_16_days_EVI,0.3359
MOD13Q1.A2013097.h12v12.006.2015257101846.250m_16_days_EVI,MOD13Q1,A2013097,Lat-37.23767Lon-73.3125Samp1Line1,2015257101846,250m_16_days_EVI,0.2705
MOD13Q1.A2013113.h12v12.006.2015260121211.250m_16_days_EVI,MOD13Q1,A2013113,Lat-37.23767Lon-73.3125Samp1Line1,2015260121211,250m_16_days_EVI,0.1685
MOD13Q1.A2013129.h12v12.006.2015260162855.250m_16_days_EVI,MOD13Q1,A2013129,Lat-37.23767Lon-73.3125Samp1Line1,2015260162855,250m_16_days_EVI,0.1135
MOD13Q1.A2013145.h12v12.006.2015261181413.250m_16_days_EVI,MOD13Q1,A2013145,Lat-37.23767Lon-73.3125Samp1Line1,2015261181413,250m_16_days_EVI,0.1337
MOD13Q1.A2013161.h12v12.006.2015262161810.250m_16_days_EVI,MOD13Q1,A2013161,Lat-37.23767Lon-73.3125Samp1Line1,2015262161810,250m_16_days_EVI,0.2233
MOD13Q1.A2013177.h12v12.006.2015262162106.250m_16_days_EVI,MOD13Q1,A2013177,Lat-37.23767Lon-73.3125Samp1Line1,2015262162106,250m_16_days_EVI,0.1593
MOD13Q1.A2013193.h12v12.006.2015264061744.250m_16_days_EVI,MOD13Q1,A2013193,Lat-37.23767Lon-73.3125Samp1Line1,2015264061744,250m_16_days_EVI,0.2741
MOD13Q1.A2013209.h12v12.006.2015267152156.250m_16_days_EVI,MOD13Q1,A2013209,Lat-37.23767Lon-73.3125Samp1Line1,2015267152156,250m_16_days_EVI,0.3357
MOD13Q1.A2013225.h12v12.006.2015267214353.250m_16_days_EVI,MOD13Q1,A2013225,Lat-37.23767Lon-73.3125Samp1Line1,2015267214353,250m_16_days_EVI,0.1982
MOD13Q1.A2013241.h12v12.006.2015268074409.250m_16_days_EVI,MOD13Q1,A2013241,Lat-37.23767Lon-73.3125Samp1Line1,2015268074409,250m_16_days_EVI,0.2289
MOD13Q1.A2013257.h12v12.006.2015268075847.250m_16_days_EVI,MOD13Q1,A2013257,Lat-37.23767Lon-73.3125Samp1Line1,2015268075847,250m_16_days_EVI,0.2103
MOD13Q1.A2013273.h12v12.006.2015269182010.250m_16_days_EVI,MOD13Q1,A2013273,Lat-37.23767Lon-73.3125Samp1Line1,2015269182010,250m_16_days_EVI,0.1504
MOD13Q1.A2013289.h12v12.006.2015269222400.250m_16_days_EVI,MOD13Q1,A2013289,Lat-37.23767Lon-73.3125Samp1Line1,2015269222400,250m_16_days_EVI,0.3118
MOD13Q1.A2013305.h12v12.006.2015270192136.250m_16_days_EVI,MOD13Q1,A2013305,Lat-37.23767Lon-73.3125Samp1Line1,2015270192136,250m_16_days_EVI,0.2018
MOD13Q1.A2013321.h12v12.006.2015271100044.250m_16_days_EVI,MOD13Q1,A2013321,Lat-37.23767Lon-73.3125Samp1Line1,2015271100044,250m_16_days_EVI,0.2344
MOD13Q1.A2013337.h12v12.006.2015271135013.250m_16_days_EVI,MOD13Q1,A2013337,Lat-37.23767Lon-73.3125Samp1Line1,2015271135013,250m_16_days_EVI,0.2561
MOD13Q1.A2013353.h12v12.006.2018226105951.250m_16_days_EVI,MOD13Q1,A2013353,Lat-37.23767Lon-73.3125Samp1Line1,2018226105951,250m_16_days_EVI,0.3087
MOD13Q1.A2014001.h12v12.006.2015272062050.250m_16_days_EVI,MOD13Q1,A2014001,Lat-37.23767Lon-73.3125Samp1Line1,2015272062050,250m_16_days_EVI,0.2272
MOD13Q1.A2014017.h12v12.006.2015273230000.250m_16_days_EVI,MOD13Q1,A2014017,Lat-37.23767Lon-73.3125Samp1Line1,2015273230000,250m_16_days_EVI,0.1895
MOD13Q1.A2014033.h12v12.006.2015274232225.250m_16_days_EVI,MOD13Q1,A2014033,Lat-37.23767Lon-73.3125Samp1Line1,2015274232225,250m_16_days_EVI,0.2618
MOD13Q1.A2014049.h12v12.006.2015274231254.250m_16_days_EVI,MOD13Q1,A2014049,Lat-37.23767Lon-73.3125Samp1Line1,2015274231254,250m_16_days_EVI,0.2561
MOD13Q1.A2014065.h12v12.006.2015276172827.250m_16_days_EVI,MOD13Q1,A2014065,Lat-37.23767Lon-73.3125Samp1Line1,2015276172827,250m_16_days_EVI,0.1564
MOD13Q1.A2014081.h12v12.006.2015276220123.250m_16_days_EVI,MOD13Q1,A2014081,Lat-37.23767Lon-73.3125Samp1Line1,2015276220123,250m_16_days_EVI,0.249
MOD13Q1.A2014097.h12v12.006.2015278233543.250m_16_days_EVI,MOD13Q1,A2014097,Lat-37.23767Lon-73.3125Samp1Line1,2015278233543,250m_16_days_EVI,0.1072
MOD13Q1.A2014113.h12v12.006.2015281100757.250m_16_days_EVI,MOD13Q1,A2014113,Lat-37.23767Lon-73.3125Samp1Line1,2015281100757,250m_16_days_EVI,0.2671
MOD13Q1.A2014129.h12v12.006.2015281103825.250m_16_days_EVI,MOD13Q1,A2014129,Lat-37.23767Lon-73.3125Samp1Line1,2015281103825,250m_16_days_EVI,0.1724
MOD13Q1.A2014145.h12v12.006.2015287232444.250m_16_days_EVI,MOD13Q1,A2014145,Lat-37.23767Lon-73.3125Samp1Line1,2015287232444,250m_16_days_EVI,0.207
MOD13Q1.A2014161.h12v12.006.2015288071258.250m_16_days_EVI,MOD13Q1,A2014161,Lat-37.23767Lon-73.3125Samp1Line1,2015288071258,250m_16_days_EVI,0.1101
MOD13Q1.A2014177.h12v12.006.2015288073353.250m_16_days_EVI,MOD13Q1,A2014177,Lat-37.23767Lon-73.3125Samp1Line1,2015288073353,250m_16_days_EVI,0.2212
MOD13Q1.A2014193.h12v12.006.2015289002615.250m_16_days_EVI,MOD13Q1,A2014193,Lat-37.23767Lon-73.3125Samp1Line1,2015289002615,250m_16_days_EVI,0.1907
MOD13Q1.A2014209.h12v12.006.2015289031222.250m_16_days_EVI,MOD13Q1,A2014209,Lat-37.23767Lon-73.3125Samp1Line1,2015289031222,250m_16_days_EVI,0.2198
MOD13Q1.A2014225.h12v12.006.2015289163443.250m_16_days_EVI,MOD13Q1,A2014225,Lat-37.23767Lon-73.3125Samp1Line1,2015289163443,250m_16_days_EVI,0.136
MOD13Q1.A2014241.h12v12.006.2015289184456.250m_16_days_EVI,MOD13Q1,A2014241,Lat-37.23767Lon-73.3125Samp1Line1,2015289184456,250m_16_days_EVI,0.2482
MOD13Q1.A2014257.h12v12.006.2015291064045.250m_16_days_EVI,MOD13Q1,A2014257,Lat-37.23767Lon-73.3125Samp1Line1,2015291064045,250m_16_days_EVI,0.1805
MOD13Q1.A2014273.h12v12.006.2015291111824.250m_16_days_EVI,MOD13Q1,A2014273,Lat-37.23767Lon-73.3125Samp1Line1,2015291111824,250m_16_days_EVI,0.2224
MOD13Q1.A2014289.h12v12.006.2015291191501.250m_16_days_EVI,MOD13Q1,A2014289,Lat-37.23767Lon-73.3125Samp1Line1,2015291191501,250m_16_days_EVI,0.1345
MOD13Q1.A2014305.h12v12.006.2015292061317.250m_16_days_EVI,MOD13Q1,A2014305,Lat-37.23767Lon-73.3125Samp1Line1,2015292061317,250m_16_days_EVI,0.3227
MOD13Q1.A2014321.h12v12.006.2015292070621.250m_16_days_EVI,MOD13Q1,A2014321,Lat-37.23767Lon-73.3125Samp1Line1,2015292070621,250m_16_days_EVI,0.2119
MOD13Q1.A2014337.h12v12.006.2015294144226.250m_16_days_EVI,MOD13Q1,A2014337,Lat-37.23767Lon-73.3125Samp1Line1,2015294144226,250m_16_days_EVI,0.1852
MOD13Q1.A2014353.h12v12.006.2018226110029.250m_16_days_EVI,MOD13Q1,A2014353,Lat-37.23767Lon-73.3125Samp1Line1,2018226110029,250m_16_days_EVI,0.268
MOD13Q1.A2015001.h12v12.006.2015295101410.250m_16_days_EVI,MOD13Q1,A2015001,Lat-37.23767Lon-73.3125Samp1Line1,2015295101410,250m_16_days_EVI,0.2744
MOD13Q1.A2015017.h12v12.006.2015295115342.250m_16_days_EVI,MOD13Q1,A2015017,Lat-37.23767Lon-73.3125Samp1Line1,2015295115342,250m_16_days_EVI,0.2028
MOD13Q1.A2015033.h12v12.006.2015296122957.250m_16_days_EVI,MOD13Q1,A2015033,Lat-37.23767Lon-73.3125Samp1Line1,2015296122957,250m_16_days_EVI,0.2736
MOD13Q1.A2015049.h12v12.006.2015296151956.250m_16_days_EVI,MOD13Q1,A2015049,Lat-37.23767Lon-73.3125Samp1Line1,2015296151956,250m_16_days_EVI,0.2347
MOD13Q1.A2015065.h12v12.006.2015298001214.250m_16_days_EVI,MOD13Q1,A2015065,Lat-37.23767Lon-73.3125Samp1Line1,2015298001214,250m_16_days_EVI,0.1303
MOD13Q1.A2015081.h12v12.006.2015298185119.250m_16_days_EVI,MOD13Q1,A2015081,Lat-37.23767Lon-73.3125Samp1Line1,2015298185119,250m_16_days_EVI,0.1763
MOD13Q1.A2015097.h12v12.006.2015298222606.250m_16_days_EVI,MOD13Q1,A2015097,Lat-37.23767Lon-73.3125Samp1Line1,2015298222606,250m_16_days_EVI,0.1917
MOD13Q1.A2015113.h12v12.006.2015299155010.250m_16_days_EVI,MOD13Q1,A2015113,Lat-37.23767Lon-73.3125Samp1Line1,2015299155010,250m_16_days_EVI,0.1885
MOD13Q1.A2015129.h12v12.006.2015299150222.250m_16_days_EVI,MOD13Q1,A2015129,Lat-37.23767Lon-73.3125Samp1Line1,2015299150222,250m_16_days_EVI,0.3333
MOD13Q1.A2015145.h12v12.006.2015300234310.250m_16_days_EVI,MOD13Q1,A2015145,Lat-37.23767Lon-73.3125Samp1Line1,2015300234310,250m_16_days_EVI,0.1755
MOD13Q1.A2015161.h12v12.006.2015301071413.250m_16_days_EVI,MOD13Q1,A2015161,Lat-37.23767Lon-73.3125Samp1Line1,2015301071413,250m_16_days_EVI,0.3238
MOD13Q1.A2015177.h12v12.006.2015301214231.250m_16_days_EVI,MOD13Q1,A2015177,Lat-37.23767Lon-73.3125Samp1Line1,2015301214231,250m_16_days_EVI,0.2063
MOD13Q1.A2015193.h12v12.006.2015304015600.250m_16_days_EVI,MOD13Q1,A2015193,Lat-37.23767Lon-73.3125Samp1Line1,2015304015600,250m_16_days_EVI,0.1291
MOD13Q1.A2015209.h12v12.006.2015304024818.250m_16_days_EVI,MOD13Q1,A2015209,Lat-37.23767Lon-73.3125Samp1Line1,2015304024818,250m_16_days_EVI,0.358
MOD13Q1.A2015225.h12v12.006.2015305194221.250m_16_days_EVI,MOD13Q1,A2015225,Lat-37.23767Lon-73.3125Samp1Line1,2015305194221,250m_16_days_EVI,0.3203
MOD13Q1.A2015241.h12v12.006.2015305205146.250m_16_days_EVI,MOD13Q1,A2015241,Lat-37.23767Lon-73.3125Samp1Line1,2015305205146,250m_16_days_EVI,0.3254
MOD13Q1.A2015257.h12v12.006.2015306150733.250m_16_days_EVI,MOD13Q1,A2015257,Lat-37.23767Lon-73.3125Samp1Line1,2015306150733,250m_16_days_EVI,0.378
MOD13Q1.A2015273.h12v12.006.2015307053925.250m_16_days_EVI,MOD13Q1,A2015273,Lat-37.23767Lon-73.3125Samp1Line1,2015307053925,250m_16_days_EVI,0.2412
MOD13Q1.A2015289.h12v12.006.2015317211959.250m_16_days_EVI,MOD13Q1,A2015289,Lat-37.23767Lon-73.3125Samp1Line1,2015317211959,250m_16_days_EVI,0.2435
MOD13Q1.A2015305.h12v12.006.2015335130637.250m_16_days_EVI,MOD13Q1,A2015305,Lat-37.23767Lon-73.3125Samp1Line1,2015335130637,250m_16_days_EVI,0.3234
MOD13Q1.A2015321.h12v12.006.2015343140208.250m_16_days_EVI,MOD13Q1,A2015321,Lat-37.23767Lon-73.3125Samp1Line1,2015343140208,250m_16_days_EVI,0.245
MOD13Q1.A2015337.h12v12.006.2016004171629.250m_16_days_EVI,MOD13Q1,A2015337,Lat-37.23767Lon-73.3125Samp1Line1,2016004171629,250m_16_days_EVI,0.217
MOD13Q1.A2015353.h12v12.006.2018222150612.250m_16_days_EVI,MOD13Q1,A2015353,Lat-37.23767Lon-73.3125Samp1Line1,2018222150612,250m_16_days_EVI,0.1635
MOD13Q1.A2016001.h12v12.006.2016029064350.250m_16_days_EVI,MOD13Q1,A2016001,Lat-37.23767Lon-73.3125Samp1Line1,2016029064350,250m_16_days_EVI,0.2299
MOD13Q1.A2016017.h12v12.006.2016035114434.250m_16_days_EVI,MOD13Q1,A2016017,Lat-37.23767Lon-73.3125Samp1Line1,2016035114434,250m_16_days_EVI,0.2066
MOD13Q1.A2016033.h12v12.006.2016050022526.250m_16_days_EVI,MOD13Q1,A2016033,Lat-37.23767Lon-73.3125Samp1Line1,2016050022526,250m_16_days_EVI,F
MOD13Q1.A2016049.h12v12.006.2016109133335.250m_16_days_EVI,MOD13Q1,A2016049,Lat-37.23767Lon-73.3125Samp1Line1,2016109133335,250m_16_days_EVI,0.1453
MOD13Q1.A2016065.h12v12.006.2016111112433.250m_16_days_EVI,MOD13Q1,A2016065,Lat-37.23767Lon-73.3125Samp1Line1,2016111112433,250m_16_days_EVI,0.225
MOD13Q1.A2016081.h12v12.006.2017097232508.250m_16_days_EVI,MOD13Q1,A2016081,Lat-37.23767Lon-73.3125Samp1Line1,2017097232508,250m_16_days_EVI,0.2846
MOD13Q1.A2016097.h12v12.006.2016114040002.250m_16_days_EVI,MOD13Q1,A2016097,Lat-37.23767Lon-73.3125Samp1Line1,2016114040002,250m_16_days_EVI,0.1897
MOD13Q1.A2016113.h12v12.006.2016130115549.250m_16_days_EVI,MOD13Q1,A2016113,Lat-37.23767Lon-73.3125Samp1Line1,2016130115549,250m_16_days_EVI,0.2506
MOD13Q1.A2016129.h12v12.006.2016147112813.250m_16_days_EVI,MOD13Q1,A2016129,Lat-37.23767Lon-73.3125Samp1Line1,2016147112813,250m_16_days_EVI,F
MOD13Q1.A2016145.h12v12.006.2016166143903.250m_16_days_EVI,MOD13Q1,A2016145,Lat-37.23767Lon-73.3125Samp1Line1,2016166143903,250m_16_days_EVI,F
MOD13Q1.A2016161.h12v12.006.2016184002101.250m_16_days_EVI,MOD13Q1,A2016161,Lat-37.23767Lon-73.3125Samp1Line1,2016184002101,250m_16_days_EVI,0.3343
MOD13Q1.A2016177.h12v12.006.2016200095609.250m_16_days_EVI,MOD13Q1,A2016177,Lat-37.23767Lon-73.3125Samp1Line1,2016200095609,250m_16_days_EVI,F
MOD13Q1.A2016193.h12v12.006.2016215085205.250m_16_days_EVI,MOD13Q1,A2016193,Lat-37.23767Lon-73.3125Samp1Line1,2016215085205,250m_16_days_EVI,0.3217
MOD13Q1.A2016209.h12v12.006.2016229083118.250m_16_days_EVI,MOD13Q1,A2016209,Lat-37.23767Lon-73.3125Samp1Line1,2016229083118,250m_16_days_EVI,0.3711
MOD13Q1.A2016225.h12v12.006.2016243085222.250m_16_days_EVI,MOD13Q1,A2016225,Lat-37.23767Lon-73.3125Samp1Line1,2016243085222,250m_16_days_EVI,0.1942
MOD13Q1.A2016241.h12v12.006.2016263150703.250m_16_days_EVI,MOD13Q1,A2016241,Lat-37.23767Lon-73.3125Samp1Line1,2016263150703,250m_16_days_EVI,0.388
MOD13Q1.A2016257.h12v12.006.2016274145341.250m_16_days_EVI,MOD13Q1,A2016257,Lat-37.23767Lon-73.3125Samp1Line1,2016274145341,250m_16_days_EVI,F
MOD13Q1.A2016273.h12v12.006.2016292071256.250m_16_days_EVI,MOD13Q1,A2016273,Lat-37.23767Lon-73.3125Samp1Line1,2016292071256,250m_16_days_EVI,0.3189
MOD13Q1.A2016289.h12v12.006.2016306035206.250m_16_days_EVI,MOD13Q1,A2016289,Lat-37.23767Lon-73.3125Samp1Line1,2016306035206,250m_16_days_EVI,0.4167
MOD13Q1.A2016305.h12v12.006.2016322043911.250m_16_days_EVI,MOD13Q1,A2016305,Lat-37.23767Lon-73.3125Samp1Line1,2016322043911,250m_16_days_EVI,F
MOD13Q1.A2016321.h12v12.006.2016340091816.250m_16_days_EVI,MOD13Q1,A2016321,Lat-37.23767Lon-73.3125Samp1Line1,2016340091816,250m_16_days_EVI,0.3885
MOD13Q1.A2016337.h12v12.006.2016357041341.250m_16_days_EVI,MOD13Q1,A2016337,Lat-37.23767Lon-73.3125Samp1Line1,2016357041341,250m_16_days_EVI,F
MOD13Q1.A2016353.h12v12.006.2017010085951.250m_16_days_EVI,MOD13Q1,A2016353,Lat-37.23767Lon-73.3125Samp1Line1,2017010085951,250m_16_days_EVI,F
MOD13Q1.A2017001.h12v12.006.2017020220104.250m_16_days_EVI,MOD13Q1,A2017001,Lat-37.23767Lon-73.3125Samp1Line1,2017020220104,250m_16_days_EVI,0.3826
MOD13Q1.A2017017.h12v12.006.2017034074453.250m_16_days_EVI,MOD13Q1,A2017017,Lat-37.23767Lon-73.3125Samp1Line1,2017034074453,250m_16_days_EVI,0.2233
MOD13Q1.A2017033.h12v12.006.2017053061221.250m_16_days_EVI,MOD13Q1,A2017033,Lat-37.23767Lon-73.3125Samp1Line1,2017053061221,250m_16_days_EVI,0.1657
MOD13Q1.A2017049.h12v12.006.2017066031319.250m_16_days_EVI,MOD13Q1,A2017049,Lat-37.23767Lon-73.3125Samp1Line1,2017066031319,250m_16_days_EVI,0.1542
MOD13Q1.A2017065.h12v12.006.2017082120915.250m_16_days_EVI,MOD13Q1,A2017065,Lat-37.23767Lon-73.3125Samp1Line1,2017082120915,250m_16_days_EVI,0.2808
MOD13Q1.A2017081.h12v12.006.2017111085113.250m_16_days_EVI,MOD13Q1,A2017081,Lat-37.23767Lon-73.3125Samp1Line1,2017111085113,250m_16_days_EVI,0.2846
MOD13Q1.A2017097.h12v12.006.2017116142943.250m_16_days_EVI,MOD13Q1,A2017097,Lat-37.23767Lon-73.3125Samp1Line1,2017116142943,250m_16_days_EVI,0.2936
MOD13Q1.A2017113.h12v12.006.2017131014229.250m_16_days_EVI,MOD13Q1,A2017113,Lat-37.23767Lon-73.3125Samp1Line1,2017131014229,250m_16_days_EVI,0.3466
MOD13Q1.A2017129.h12v12.006.2017145231217.250m_16_days_EVI,MOD13Q1,A2017129,Lat-37.23767Lon-73.3125Samp1Line1,2017145231217,250m_16_days_EVI,0.2482
MOD13Q1.A2017145.h12v12.006.2017164072210.250m_16_days_EVI,MOD13Q1,A2017145,Lat-37.23767Lon-73.3125Samp1Line1,2017164072210,250m_16_days_EVI,0.3038
MOD13Q1.A2017161.h12v12.006.2017178081652.250m_16_days_EVI,MOD13Q1,A2017161,Lat-37.23767Lon-73.3125Samp1Line1,2017178081652,250m_16_days_EVI,0.1371
MOD13Q1.A2017177.h12v12.006.2017194070113.250m_16_days_EVI,MOD13Q1,A2017177,Lat-37.23767Lon-73.3125Samp1Line1,2017194070113,250m_16_days_EVI,0.1758
MOD13Q1.A2017193.h12v12.006.2017209233314.250m_16_days_EVI,MOD13Q1,A2017193,Lat-37.23767Lon-73.3125Samp1Line1,2017209233314,250m_16_days_EVI,0.1748
MOD13Q1.A2017209.h12v12.006.2017234111938.250m_16_days_EVI,MOD13Q1,A2017209,Lat-37.23767Lon-73.3125Samp1Line1,2017234111938,250m_16_days_EVI,0.2817
MOD13Q1.A2017225.h12v12.006.2017250141538.250m_16_days_EVI,MOD13Q1,A2017225,Lat-37.23767Lon-73.3125Samp1Line1,2017250141538,250m_16_days_EVI,0.2213
MOD13Q1.A2017241.h12v12.006.2017262085617.250m_16_days_EVI,MOD13Q1,A2017241,Lat-37.23767Lon-73.3125Samp1Line1,2017262085617,250m_16_days_EVI,0.219
MOD13Q1.A2017257.h12v12.006.2017276132801.250m_16_days_EVI,MOD13Q1,A2017257,Lat-37.23767Lon-73.3125Samp1Line1,2017276132801,250m_16_days_EVI,0.3051
MOD13Q1.A2017273.h12v12.006.2017290090442.250m_16_days_EVI,MOD13Q1,A2017273,Lat-37.23767Lon-73.3125Samp1Line1,2017290090442,250m_16_days_EVI,0.2596
MOD13Q1.A2017289.h12v12.006.2017310142405.250m_16_days_EVI,MOD13Q1,A2017289,Lat-37.23767Lon-73.3125Samp1Line1,2017310142405,250m_16_days_EVI,0.2777
MOD13Q1.A2017305.h12v12.006.2017325113638.250m_16_days_EVI,MOD13Q1,A2017305,Lat-37.23767Lon-73.3125Samp1Line1,2017325113638,250m_16_days_EVI,0.1975
MOD13Q1.A2017321.h12v12.006.2017337221827.250m_16_days_EVI,MOD13Q1,A2017321,Lat-37.23767Lon-73.3125Samp1Line1,2017337221827,250m_16_days_EVI,0.1924
MOD13Q1.A2017337.h12v12.006.2017353223219.250m_16_days_EVI,MOD13Q1,A2017337,Lat-37.23767Lon-73.3125Samp1Line1,2017353223219,250m_16_days_EVI,0.2465
MOD13Q1.A2017353.h12v12.006.2018004224706.250m_16_days_EVI,MOD13Q1,A2017353,Lat-37.23767Lon-73.3125Samp1Line1,2018004224706,250m_16_days_EVI,0.3867
MOD13Q1.A2018001.h12v12.006.2018017224304.250m_16_days_EVI,MOD13Q1,A2018001,Lat-37.23767Lon-73.3125Samp1Line1,2018017224304,250m_16_days_EVI,0.3074
MOD13Q1.A2018017.h12v12.006.2018033223535.250m_16_days_EVI,MOD13Q1,A2018017,Lat-37.23767Lon-73.3125Samp1Line1,2018033223535,250m_16_days_EVI,0.311
MOD13Q1.A2018033.h12v12.006.2018049223527.250m_16_days_EVI,MOD13Q1,A2018033,Lat-37.23767Lon-73.3125Samp1Line1,2018049223527,250m_16_days_EVI,0.2868
MOD13Q1.A2018049.h12v12.006.2018066164957.250m_16_days_EVI,MOD13Q1,A2018049,Lat-37.23767Lon-73.3125Samp1Line1,2018066164957,250m_16_days_EVI,0.2038
MOD13Q1.A2018065.h12v12.006.2018082151638.250m_16_days_EVI,MOD13Q1,A2018065,Lat-37.23767Lon-73.3125Samp1Line1,2018082151638,250m_16_days_EVI,0.2057
MOD13Q1.A2018081.h12v12.006.2018097234545.250m_16_days_EVI,MOD13Q1,A2018081,Lat-37.23767Lon-73.3125Samp1Line1,2018097234545,250m_16_days_EVI,0.301
MOD13Q1.A2018097.h12v12.006.2018113235323.250m_16_days_EVI,MOD13Q1,A2018097,Lat-37.23767Lon-73.3125Samp1Line1,2018113235323,250m_16_days_EVI,0.2063
MOD13Q1.A2018113.h12v12.006.2018129235414.250m_16_days_EVI,MOD13Q1,A2018113,Lat-37.23767Lon-73.3125Samp1Line1,2018129235414,250m_16_days_EVI,0.3223
MOD13Q1.A2018129.h12v12.006.2018151110725.250m_16_days_EVI,MOD13Q1,A2018129,Lat-37.23767Lon-73.3125Samp1Line1,2018151110725,250m_16_days_EVI,0.2996
MOD13Q1.A2018145.h12v12.006.2018162001644.250m_16_days_EVI,MOD13Q1,A2018145,Lat-37.23767Lon-73.3125Samp1Line1,2018162001644,250m_16_days_EVI,0.2472
MOD13Q1.A2018161.h12v12.006.2018177235949.250m_16_days_EVI,MOD13Q1,A2018161,Lat-37.23767Lon-73.3125Samp1Line1,2018177235949,250m_16_days_EVI,0.3626
MOD13Q1.A2018177.h12v12.006.2018197102852.250m_16_days_EVI,MOD13Q1,A2018177,Lat-37.23767Lon-73.3125Samp1Line1,2018197102852,250m_16_days_EVI,0.1538
MOD13Q1.A2018193.h12v12.006.2018210001126.250m_16_days_EVI,MOD13Q1,A2018193,Lat-37.23767Lon-73.3125Samp1Line1,2018210001126,250m_16_days_EVI,0.2096
MOD13Q1.A2018209.h12v12.006.2018227125608.250m_16_days_EVI,MOD13Q1,A2018209,Lat-37.23767Lon-73.3125Samp1Line1,2018227125608,250m_16_days_EVI,0.3028
MOD13Q1.A2018225.h12v12.006.2018242000035.250m_16_days_EVI,MOD13Q1,A2018225,Lat-37.23767Lon-73.3125Samp1Line1,2018242000035,250m_16_days_EVI,0.3242
MOD13Q1.A2018241.h12v12.006.2018257235444.250m_16_days_EVI,MOD13Q1,A2018241,Lat-37.23767Lon-73.3125Samp1Line1,2018257235444,250m_16_days_EVI,0.2018
MOD13Q1.A2018257.h12v12.006.2018282125737.250m_16_days_EVI,MOD13Q1,A2018257,Lat-37.23767Lon-73.3125Samp1Line1,2018282125737,250m_16_days_EVI,0.2941
MOD13Q1.A2018273.h12v12.006.2018295111345.250m_16_days_EVI,MOD13Q1,A2018273,Lat-37.23767Lon-73.3125Samp1Line1,2018295111345,250m_16_days_EVI,0.3996
MOD13Q1.A2018289.h12v12.006.2018313115945.250m_16_days_EVI,MOD13Q1,A2018289,Lat-37.23767Lon-73.3125Samp1Line1,2018313115945,250m_16_days_EVI,0.4042
MOD13Q1.A2018305.h12v12.006.2018321224539.250m_16_days_EVI,MOD13Q1,A2018305,Lat-37.23767Lon-73.3125Samp1Line1,2018321224539,250m_16_days_EVI,0.4007
MOD13Q1.A2018321.h12v12.006.2018338084229.250m_16_days_EVI,MOD13Q1,A2018321,Lat-37.23767Lon-73.3125Samp1Line1,2018338084229,250m_16_days_EVI,0.1893
MOD13Q1.A2018337.h12v12.006.2018365153508.250m_16_days_EVI,MOD13Q1,A2018337,Lat-37.23767Lon-73.3125Samp1Line1,2018365153508,250m_16_days_EVI,F
MOD13Q1.A2018353.h12v12.006.2019032133359.250m_16_days_EVI,MOD13Q1,A2018353,Lat-37.23767Lon-73.3125Samp1Line1,2019032133359,250m_16_days_EVI,0.3713
