MYD13Q1.A2003009.h12v12.006.2015154120351.250m_16_days_NDVI,MYD13Q1,A2003009,Lat-37.23767Lon-73.3125Samp1Line1,2015154120351,250m_16_days_NDVI,0.5693
MYD13Q1.A2003025.h12v12.006.2015154130424.250m_16_days_NDVI,MYD13Q1,A2003025,Lat-37.23767Lon-73.3125Samp1Line1,2015154130424,250m_16_days_NDVI,0.6144
MYD13Q1.A2003041.h12v12.006.2015155182853.250m_16_days_NDVI,MYD13Q1,A2003041,Lat-37.23767Lon-73.3125Samp1Line1,2015155182853,250m_16_days_NDVI,0.6146
MYD13Q1.A2003057.h12v12.006.2015157003041.250m_16_days_NDVI,MYD13Q1,A2003057,Lat-37.23767Lon-73.3125Samp1Line1,2015157003041,250m_16_days_NDVI,0.3115
MYD13Q1.A2003073.h12v12.006.2015157004245.250m_16_days_NDVI,MYD13Q1,A2003073,Lat-37.23767Lon-73.3125Samp1Line1,2015157004245,250m_16_days_NDVI,0.4949
MYD13Q1.A2003089.h12v12.006.2015157051159.250m_16_days_NDVI,MYD13Q1,A2003089,Lat-37.23767Lon-73.3125Samp1Line1,2015157051159,250m_16_days_NDVI,0.2116
MYD13Q1.A2003105.h12v12.006.2015158152509.250m_16_days_NDVI,MYD13Q1,A2003105,Lat-37.23767Lon-73.3125Samp1Line1,2015158152509,250m_16_days_NDVI,0.2176
MYD13Q1.A2003121.h12v12.006.2015158154150.250m_16_days_NDVI,MYD13Q1,A2003121,Lat-37.23767Lon-73.3125Samp1Line1,2015158154150,250m_16_days_NDVI,0.1367
MYD13Q1.A2003137.h12v12.006.2015158153956.250m_16_days_NDVI,MYD13Q1,A2003137,Lat-37.23767Lon-73.3125Samp1Line1,2015158153956,250m_16_days_NDVI,0.4048
MYD13Q1.A2003153.h12v12.006.2015158184535.250m_16_days_NDVI,MYD13Q1,A2003153,Lat-37.23767Lon-73.3125Samp1Line1,2015158184535,250m_16_days_NDVI,0.6185
MYD13Q1.A2003169.h12v12.006.2015159133830.250m_16_days_NDVI,MYD13Q1,A2003169,Lat-37.23767Lon-73.3125Samp1Line1,2015159133830,250m_16_days_NDVI,0.0769
MYD13Q1.A2003185.h12v12.006.2015162024953.250m_16_days_NDVI,MYD13Q1,A2003185,Lat-37.23767Lon-73.3125Samp1Line1,2015162024953,250m_16_days_NDVI,0.5349
MYD13Q1.A2003201.h12v12.006.2015153114122.250m_16_days_NDVI,MYD13Q1,A2003201,Lat-37.23767Lon-73.3125Samp1Line1,2015153114122,250m_16_days_NDVI,-0.0216
MYD13Q1.A2003217.h12v12.006.2015153114501.250m_16_days_NDVI,MYD13Q1,A2003217,Lat-37.23767Lon-73.3125Samp1Line1,2015153114501,250m_16_days_NDVI,0.3543
MYD13Q1.A2003233.h12v12.006.2015153114608.250m_16_days_NDVI,MYD13Q1,A2003233,Lat-37.23767Lon-73.3125Samp1Line1,2015153114608,250m_16_days_NDVI,0.0102
MYD13Q1.A2003249.h12v12.006.2015153114619.250m_16_days_NDVI,MYD13Q1,A2003249,Lat-37.23767Lon-73.3125Samp1Line1,2015153114619,250m_16_days_NDVI,0.1709
MYD13Q1.A2003265.h12v12.006.2015153120123.250m_16_days_NDVI,MYD13Q1,A2003265,Lat-37.23767Lon-73.3125Samp1Line1,2015153120123,250m_16_days_NDVI,0.5726
MYD13Q1.A2003281.h12v12.006.2015153121629.250m_16_days_NDVI,MYD13Q1,A2003281,Lat-37.23767Lon-73.3125Samp1Line1,2015153121629,250m_16_days_NDVI,0.3898
MYD13Q1.A2003297.h12v12.006.2015153120422.250m_16_days_NDVI,MYD13Q1,A2003297,Lat-37.23767Lon-73.3125Samp1Line1,2015153120422,250m_16_days_NDVI,0.1977
MYD13Q1.A2003313.h12v12.006.2015153124553.250m_16_days_NDVI,MYD13Q1,A2003313,Lat-37.23767Lon-73.3125Samp1Line1,2015153124553,250m_16_days_NDVI,0.0952
MYD13Q1.A2003329.h12v12.006.2015153131108.250m_16_days_NDVI,MYD13Q1,A2003329,Lat-37.23767Lon-73.3125Samp1Line1,2015153131108,250m_16_days_NDVI,0.6019
MYD13Q1.A2003345.h12v12.006.2015153124815.250m_16_days_NDVI,MYD13Q1,A2003345,Lat-37.23767Lon-73.3125Samp1Line1,2015153124815,250m_16_days_NDVI,0.5184
MYD13Q1.A2003361.h12v12.006.2018226120648.250m_16_days_NDVI,MYD13Q1,A2003361,Lat-37.23767Lon-73.3125Samp1Line1,2018226120648,250m_16_days_NDVI,0.6248
MYD13Q1.A2004009.h12v12.006.2015154150529.250m_16_days_NDVI,MYD13Q1,A2004009,Lat-37.23767Lon-73.3125Samp1Line1,2015154150529,250m_16_days_NDVI,0.6189
MYD13Q1.A2004025.h12v12.006.2015154150740.250m_16_days_NDVI,MYD13Q1,A2004025,Lat-37.23767Lon-73.3125Samp1Line1,2015154150740,250m_16_days_NDVI,0.3889
MYD13Q1.A2004041.h12v12.006.2015154151328.250m_16_days_NDVI,MYD13Q1,A2004041,Lat-37.23767Lon-73.3125Samp1Line1,2015154151328,250m_16_days_NDVI,0.4119
MYD13Q1.A2004057.h12v12.006.2015154151146.250m_16_days_NDVI,MYD13Q1,A2004057,Lat-37.23767Lon-73.3125Samp1Line1,2015154151146,250m_16_days_NDVI,0.6497
MYD13Q1.A2004073.h12v12.006.2015154151851.250m_16_days_NDVI,MYD13Q1,A2004073,Lat-37.23767Lon-73.3125Samp1Line1,2015154151851,250m_16_days_NDVI,0.5826
MYD13Q1.A2004089.h12v12.006.2015154152607.250m_16_days_NDVI,MYD13Q1,A2004089,Lat-37.23767Lon-73.3125Samp1Line1,2015154152607,250m_16_days_NDVI,0.2588
MYD13Q1.A2004105.h12v12.006.2015154152908.250m_16_days_NDVI,MYD13Q1,A2004105,Lat-37.23767Lon-73.3125Samp1Line1,2015154152908,250m_16_days_NDVI,0.6538
MYD13Q1.A2004121.h12v12.006.2015154153341.250m_16_days_NDVI,MYD13Q1,A2004121,Lat-37.23767Lon-73.3125Samp1Line1,2015154153341,250m_16_days_NDVI,0.2819
MYD13Q1.A2004137.h12v12.006.2015154153527.250m_16_days_NDVI,MYD13Q1,A2004137,Lat-37.23767Lon-73.3125Samp1Line1,2015154153527,250m_16_days_NDVI,0.4798
MYD13Q1.A2004153.h12v12.006.2015154154139.250m_16_days_NDVI,MYD13Q1,A2004153,Lat-37.23767Lon-73.3125Samp1Line1,2015154154139,250m_16_days_NDVI,0.0831
MYD13Q1.A2004169.h12v12.006.2015154154300.250m_16_days_NDVI,MYD13Q1,A2004169,Lat-37.23767Lon-73.3125Samp1Line1,2015154154300,250m_16_days_NDVI,0.49
MYD13Q1.A2004185.h12v12.006.2015154155647.250m_16_days_NDVI,MYD13Q1,A2004185,Lat-37.23767Lon-73.3125Samp1Line1,2015154155647,250m_16_days_NDVI,0.1253
MYD13Q1.A2004201.h12v12.006.2015154155754.250m_16_days_NDVI,MYD13Q1,A2004201,Lat-37.23767Lon-73.3125Samp1Line1,2015154155754,250m_16_days_NDVI,0.362
MYD13Q1.A2004217.h12v12.006.2015154162044.250m_16_days_NDVI,MYD13Q1,A2004217,Lat-37.23767Lon-73.3125Samp1Line1,2015154162044,250m_16_days_NDVI,0.5586
MYD13Q1.A2004233.h12v12.006.2015154162953.250m_16_days_NDVI,MYD13Q1,A2004233,Lat-37.23767Lon-73.3125Samp1Line1,2015154162953,250m_16_days_NDVI,0.3754
MYD13Q1.A2004249.h12v12.006.2015154163702.250m_16_days_NDVI,MYD13Q1,A2004249,Lat-37.23767Lon-73.3125Samp1Line1,2015154163702,250m_16_days_NDVI,0.4215
MYD13Q1.A2004265.h12v12.006.2015154163925.250m_16_days_NDVI,MYD13Q1,A2004265,Lat-37.23767Lon-73.3125Samp1Line1,2015154163925,250m_16_days_NDVI,0.5701
MYD13Q1.A2004281.h12v12.006.2015154163915.250m_16_days_NDVI,MYD13Q1,A2004281,Lat-37.23767Lon-73.3125Samp1Line1,2015154163915,250m_16_days_NDVI,0.3689
MYD13Q1.A2004297.h12v12.006.2015154170256.250m_16_days_NDVI,MYD13Q1,A2004297,Lat-37.23767Lon-73.3125Samp1Line1,2015154170256,250m_16_days_NDVI,0.5281
MYD13Q1.A2004313.h12v12.006.2015154170656.250m_16_days_NDVI,MYD13Q1,A2004313,Lat-37.23767Lon-73.3125Samp1Line1,2015154170656,250m_16_days_NDVI,0.5868
MYD13Q1.A2004329.h12v12.006.2015155130535.250m_16_days_NDVI,MYD13Q1,A2004329,Lat-37.23767Lon-73.3125Samp1Line1,2015155130535,250m_16_days_NDVI,0.3861
MYD13Q1.A2004345.h12v12.006.2015155130520.250m_16_days_NDVI,MYD13Q1,A2004345,Lat-37.23767Lon-73.3125Samp1Line1,2015155130520,250m_16_days_NDVI,0.6082
MYD13Q1.A2004361.h12v12.006.2018226114924.250m_16_days_NDVI,MYD13Q1,A2004361,Lat-37.23767Lon-73.3125Samp1Line1,2018226114924,250m_16_days_NDVI,0.4841
MYD13Q1.A2005009.h12v12.006.2015155232018.250m_16_days_NDVI,MYD13Q1,A2005009,Lat-37.23767Lon-73.3125Samp1Line1,2015155232018,250m_16_days_NDVI,0.5423
MYD13Q1.A2005025.h12v12.006.2015155232224.250m_16_days_NDVI,MYD13Q1,A2005025,Lat-37.23767Lon-73.3125Samp1Line1,2015155232224,250m_16_days_NDVI,0.3074
MYD13Q1.A2005041.h12v12.006.2015155232646.250m_16_days_NDVI,MYD13Q1,A2005041,Lat-37.23767Lon-73.3125Samp1Line1,2015155232646,250m_16_days_NDVI,0.401
MYD13Q1.A2005057.h12v12.006.2015155232744.250m_16_days_NDVI,MYD13Q1,A2005057,Lat-37.23767Lon-73.3125Samp1Line1,2015155232744,250m_16_days_NDVI,0.6042
MYD13Q1.A2005073.h12v12.006.2015155233101.250m_16_days_NDVI,MYD13Q1,A2005073,Lat-37.23767Lon-73.3125Samp1Line1,2015155233101,250m_16_days_NDVI,0.5581
MYD13Q1.A2005089.h12v12.006.2015155233341.250m_16_days_NDVI,MYD13Q1,A2005089,Lat-37.23767Lon-73.3125Samp1Line1,2015155233341,250m_16_days_NDVI,0.5883
MYD13Q1.A2005105.h12v12.006.2015155233614.250m_16_days_NDVI,MYD13Q1,A2005105,Lat-37.23767Lon-73.3125Samp1Line1,2015155233614,250m_16_days_NDVI,0.5626
MYD13Q1.A2005121.h12v12.006.2015155233931.250m_16_days_NDVI,MYD13Q1,A2005121,Lat-37.23767Lon-73.3125Samp1Line1,2015155233931,250m_16_days_NDVI,0.3951
MYD13Q1.A2005137.h12v12.006.2015155234204.250m_16_days_NDVI,MYD13Q1,A2005137,Lat-37.23767Lon-73.3125Samp1Line1,2015155234204,250m_16_days_NDVI,0.4465
MYD13Q1.A2005153.h12v12.006.2015155234546.250m_16_days_NDVI,MYD13Q1,A2005153,Lat-37.23767Lon-73.3125Samp1Line1,2015155234546,250m_16_days_NDVI,0.5125
MYD13Q1.A2005169.h12v12.006.2015155234705.250m_16_days_NDVI,MYD13Q1,A2005169,Lat-37.23767Lon-73.3125Samp1Line1,2015155234705,250m_16_days_NDVI,0.1051
MYD13Q1.A2005185.h12v12.006.2015155235035.250m_16_days_NDVI,MYD13Q1,A2005185,Lat-37.23767Lon-73.3125Samp1Line1,2015155235035,250m_16_days_NDVI,0.3534
MYD13Q1.A2005201.h12v12.006.2015155235435.250m_16_days_NDVI,MYD13Q1,A2005201,Lat-37.23767Lon-73.3125Samp1Line1,2015155235435,250m_16_days_NDVI,0.4604
MYD13Q1.A2005217.h12v12.006.2015155235513.250m_16_days_NDVI,MYD13Q1,A2005217,Lat-37.23767Lon-73.3125Samp1Line1,2015155235513,250m_16_days_NDVI,0.4066
MYD13Q1.A2005233.h12v12.006.2015155235949.250m_16_days_NDVI,MYD13Q1,A2005233,Lat-37.23767Lon-73.3125Samp1Line1,2015155235949,250m_16_days_NDVI,0.4404
MYD13Q1.A2005249.h12v12.006.2015156000303.250m_16_days_NDVI,MYD13Q1,A2005249,Lat-37.23767Lon-73.3125Samp1Line1,2015156000303,250m_16_days_NDVI,0.4295
MYD13Q1.A2005265.h12v12.006.2015156000651.250m_16_days_NDVI,MYD13Q1,A2005265,Lat-37.23767Lon-73.3125Samp1Line1,2015156000651,250m_16_days_NDVI,0.2857
MYD13Q1.A2005281.h12v12.006.2015156000847.250m_16_days_NDVI,MYD13Q1,A2005281,Lat-37.23767Lon-73.3125Samp1Line1,2015156000847,250m_16_days_NDVI,0.5039
MYD13Q1.A2005297.h12v12.006.2015156001054.250m_16_days_NDVI,MYD13Q1,A2005297,Lat-37.23767Lon-73.3125Samp1Line1,2015156001054,250m_16_days_NDVI,0.1925
MYD13Q1.A2005313.h12v12.006.2015156001355.250m_16_days_NDVI,MYD13Q1,A2005313,Lat-37.23767Lon-73.3125Samp1Line1,2015156001355,250m_16_days_NDVI,0.4195
MYD13Q1.A2005329.h12v12.006.2015156001532.250m_16_days_NDVI,MYD13Q1,A2005329,Lat-37.23767Lon-73.3125Samp1Line1,2015156001532,250m_16_days_NDVI,0.3545
MYD13Q1.A2005345.h12v12.006.2015156001832.250m_16_days_NDVI,MYD13Q1,A2005345,Lat-37.23767Lon-73.3125Samp1Line1,2015156001832,250m_16_days_NDVI,0.5856
MYD13Q1.A2005361.h12v12.006.2018226120937.250m_16_days_NDVI,MYD13Q1,A2005361,Lat-37.23767Lon-73.3125Samp1Line1,2018226120937,250m_16_days_NDVI,0.3432
MYD13Q1.A2006009.h12v12.006.2015161091447.250m_16_days_NDVI,MYD13Q1,A2006009,Lat-37.23767Lon-73.3125Samp1Line1,2015161091447,250m_16_days_NDVI,0.4771
MYD13Q1.A2006025.h12v12.006.2015161100916.250m_16_days_NDVI,MYD13Q1,A2006025,Lat-37.23767Lon-73.3125Samp1Line1,2015161100916,250m_16_days_NDVI,0.354
MYD13Q1.A2006041.h12v12.006.2015161101705.250m_16_days_NDVI,MYD13Q1,A2006041,Lat-37.23767Lon-73.3125Samp1Line1,2015161101705,250m_16_days_NDVI,0.3764
MYD13Q1.A2006057.h12v12.006.2015161103615.250m_16_days_NDVI,MYD13Q1,A2006057,Lat-37.23767Lon-73.3125Samp1Line1,2015161103615,250m_16_days_NDVI,0.6376
MYD13Q1.A2006073.h12v12.006.2015161104353.250m_16_days_NDVI,MYD13Q1,A2006073,Lat-37.23767Lon-73.3125Samp1Line1,2015161104353,250m_16_days_NDVI,0.6569
MYD13Q1.A2006089.h12v12.006.2015161110436.250m_16_days_NDVI,MYD13Q1,A2006089,Lat-37.23767Lon-73.3125Samp1Line1,2015161110436,250m_16_days_NDVI,0.2742
MYD13Q1.A2006105.h12v12.006.2015161122521.250m_16_days_NDVI,MYD13Q1,A2006105,Lat-37.23767Lon-73.3125Samp1Line1,2015161122521,250m_16_days_NDVI,0.5678
MYD13Q1.A2006121.h12v12.006.2015161123754.250m_16_days_NDVI,MYD13Q1,A2006121,Lat-37.23767Lon-73.3125Samp1Line1,2015161123754,250m_16_days_NDVI,0.5651
MYD13Q1.A2006137.h12v12.006.2015161140038.250m_16_days_NDVI,MYD13Q1,A2006137,Lat-37.23767Lon-73.3125Samp1Line1,2015161140038,250m_16_days_NDVI,0.3112
MYD13Q1.A2006153.h12v12.006.2015161141156.250m_16_days_NDVI,MYD13Q1,A2006153,Lat-37.23767Lon-73.3125Samp1Line1,2015161141156,250m_16_days_NDVI,0.5332
MYD13Q1.A2006169.h12v12.006.2015161143730.250m_16_days_NDVI,MYD13Q1,A2006169,Lat-37.23767Lon-73.3125Samp1Line1,2015161143730,250m_16_days_NDVI,0.4223
MYD13Q1.A2006185.h12v12.006.2015161145508.250m_16_days_NDVI,MYD13Q1,A2006185,Lat-37.23767Lon-73.3125Samp1Line1,2015161145508,250m_16_days_NDVI,0.5013
MYD13Q1.A2006201.h12v12.006.2015161152551.250m_16_days_NDVI,MYD13Q1,A2006201,Lat-37.23767Lon-73.3125Samp1Line1,2015161152551,250m_16_days_NDVI,0.4847
MYD13Q1.A2006217.h12v12.006.2015161155553.250m_16_days_NDVI,MYD13Q1,A2006217,Lat-37.23767Lon-73.3125Samp1Line1,2015161155553,250m_16_days_NDVI,0.0594
MYD13Q1.A2006233.h12v12.006.2015161155148.250m_16_days_NDVI,MYD13Q1,A2006233,Lat-37.23767Lon-73.3125Samp1Line1,2015161155148,250m_16_days_NDVI,0.1021
MYD13Q1.A2006249.h12v12.006.2015161163613.250m_16_days_NDVI,MYD13Q1,A2006249,Lat-37.23767Lon-73.3125Samp1Line1,2015161163613,250m_16_days_NDVI,0.4208
MYD13Q1.A2006265.h12v12.006.2015161164406.250m_16_days_NDVI,MYD13Q1,A2006265,Lat-37.23767Lon-73.3125Samp1Line1,2015161164406,250m_16_days_NDVI,0.5413
MYD13Q1.A2006281.h12v12.006.2015161170334.250m_16_days_NDVI,MYD13Q1,A2006281,Lat-37.23767Lon-73.3125Samp1Line1,2015161170334,250m_16_days_NDVI,0.4695
MYD13Q1.A2006297.h12v12.006.2015161175742.250m_16_days_NDVI,MYD13Q1,A2006297,Lat-37.23767Lon-73.3125Samp1Line1,2015161175742,250m_16_days_NDVI,0.3542
MYD13Q1.A2006313.h12v12.006.2015161182628.250m_16_days_NDVI,MYD13Q1,A2006313,Lat-37.23767Lon-73.3125Samp1Line1,2015161182628,250m_16_days_NDVI,0.5352
MYD13Q1.A2006329.h12v12.006.2015161182603.250m_16_days_NDVI,MYD13Q1,A2006329,Lat-37.23767Lon-73.3125Samp1Line1,2015161182603,250m_16_days_NDVI,0.5743
MYD13Q1.A2006345.h12v12.006.2015161183918.250m_16_days_NDVI,MYD13Q1,A2006345,Lat-37.23767Lon-73.3125Samp1Line1,2015161183918,250m_16_days_NDVI,0.504
MYD13Q1.A2006361.h12v12.006.2018226121425.250m_16_days_NDVI,MYD13Q1,A2006361,Lat-37.23767Lon-73.3125Samp1Line1,2018226121425,250m_16_days_NDVI,0.6115
MYD13Q1.A2007009.h12v12.006.2015162003338.250m_16_days_NDVI,MYD13Q1,A2007009,Lat-37.23767Lon-73.3125Samp1Line1,2015162003338,250m_16_days_NDVI,0.481
MYD13Q1.A2007025.h12v12.006.2015162010105.250m_16_days_NDVI,MYD13Q1,A2007025,Lat-37.23767Lon-73.3125Samp1Line1,2015162010105,250m_16_days_NDVI,0.5913
MYD13Q1.A2007041.h12v12.006.2015160170346.250m_16_days_NDVI,MYD13Q1,A2007041,Lat-37.23767Lon-73.3125Samp1Line1,2015160170346,250m_16_days_NDVI,0.5676
MYD13Q1.A2007057.h12v12.006.2015160170454.250m_16_days_NDVI,MYD13Q1,A2007057,Lat-37.23767Lon-73.3125Samp1Line1,2015160170454,250m_16_days_NDVI,-0.0217
MYD13Q1.A2007073.h12v12.006.2015162011241.250m_16_days_NDVI,MYD13Q1,A2007073,Lat-37.23767Lon-73.3125Samp1Line1,2015162011241,250m_16_days_NDVI,0.5859
MYD13Q1.A2007089.h12v12.006.2015162011411.250m_16_days_NDVI,MYD13Q1,A2007089,Lat-37.23767Lon-73.3125Samp1Line1,2015162011411,250m_16_days_NDVI,0.3054
MYD13Q1.A2007105.h12v12.006.2015162011932.250m_16_days_NDVI,MYD13Q1,A2007105,Lat-37.23767Lon-73.3125Samp1Line1,2015162011932,250m_16_days_NDVI,0.4504
MYD13Q1.A2007121.h12v12.006.2015160171648.250m_16_days_NDVI,MYD13Q1,A2007121,Lat-37.23767Lon-73.3125Samp1Line1,2015160171648,250m_16_days_NDVI,0.6128
MYD13Q1.A2007137.h12v12.006.2015162012519.250m_16_days_NDVI,MYD13Q1,A2007137,Lat-37.23767Lon-73.3125Samp1Line1,2015162012519,250m_16_days_NDVI,0.5648
MYD13Q1.A2007153.h12v12.006.2015162015257.250m_16_days_NDVI,MYD13Q1,A2007153,Lat-37.23767Lon-73.3125Samp1Line1,2015162015257,250m_16_days_NDVI,0.4099
MYD13Q1.A2007169.h12v12.006.2015162021044.250m_16_days_NDVI,MYD13Q1,A2007169,Lat-37.23767Lon-73.3125Samp1Line1,2015162021044,250m_16_days_NDVI,0.3656
MYD13Q1.A2007185.h12v12.006.2015162022848.250m_16_days_NDVI,MYD13Q1,A2007185,Lat-37.23767Lon-73.3125Samp1Line1,2015162022848,250m_16_days_NDVI,0.3203
MYD13Q1.A2007201.h12v12.006.2015162024141.250m_16_days_NDVI,MYD13Q1,A2007201,Lat-37.23767Lon-73.3125Samp1Line1,2015162024141,250m_16_days_NDVI,-0.0488
MYD13Q1.A2007217.h12v12.006.2015164163136.250m_16_days_NDVI,MYD13Q1,A2007217,Lat-37.23767Lon-73.3125Samp1Line1,2015164163136,250m_16_days_NDVI,0.3309
MYD13Q1.A2007233.h12v12.006.2015164163115.250m_16_days_NDVI,MYD13Q1,A2007233,Lat-37.23767Lon-73.3125Samp1Line1,2015164163115,250m_16_days_NDVI,0.4487
MYD13Q1.A2007249.h12v12.006.2015167044842.250m_16_days_NDVI,MYD13Q1,A2007249,Lat-37.23767Lon-73.3125Samp1Line1,2015167044842,250m_16_days_NDVI,0.4377
MYD13Q1.A2007265.h12v12.006.2015167044001.250m_16_days_NDVI,MYD13Q1,A2007265,Lat-37.23767Lon-73.3125Samp1Line1,2015167044001,250m_16_days_NDVI,0.1449
MYD13Q1.A2007281.h12v12.006.2015167050127.250m_16_days_NDVI,MYD13Q1,A2007281,Lat-37.23767Lon-73.3125Samp1Line1,2015167050127,250m_16_days_NDVI,0.3558
MYD13Q1.A2007297.h12v12.006.2015168070447.250m_16_days_NDVI,MYD13Q1,A2007297,Lat-37.23767Lon-73.3125Samp1Line1,2015168070447,250m_16_days_NDVI,0.2322
MYD13Q1.A2007313.h12v12.006.2015168071855.250m_16_days_NDVI,MYD13Q1,A2007313,Lat-37.23767Lon-73.3125Samp1Line1,2015168071855,250m_16_days_NDVI,0.375
MYD13Q1.A2007329.h12v12.006.2015168072229.250m_16_days_NDVI,MYD13Q1,A2007329,Lat-37.23767Lon-73.3125Samp1Line1,2015168072229,250m_16_days_NDVI,0.4574
MYD13Q1.A2007345.h12v12.006.2015169115406.250m_16_days_NDVI,MYD13Q1,A2007345,Lat-37.23767Lon-73.3125Samp1Line1,2015169115406,250m_16_days_NDVI,0.5228
MYD13Q1.A2007361.h12v12.006.2018222150247.250m_16_days_NDVI,MYD13Q1,A2007361,Lat-37.23767Lon-73.3125Samp1Line1,2018222150247,250m_16_days_NDVI,0.5297
MYD13Q1.A2008009.h12v12.006.2015169114325.250m_16_days_NDVI,MYD13Q1,A2008009,Lat-37.23767Lon-73.3125Samp1Line1,2015169114325,250m_16_days_NDVI,0.5297
MYD13Q1.A2008025.h12v12.006.2015171042844.250m_16_days_NDVI,MYD13Q1,A2008025,Lat-37.23767Lon-73.3125Samp1Line1,2015171042844,250m_16_days_NDVI,0.2008
MYD13Q1.A2008041.h12v12.006.2015171182451.250m_16_days_NDVI,MYD13Q1,A2008041,Lat-37.23767Lon-73.3125Samp1Line1,2015171182451,250m_16_days_NDVI,0.3103
MYD13Q1.A2008057.h12v12.006.2015172131934.250m_16_days_NDVI,MYD13Q1,A2008057,Lat-37.23767Lon-73.3125Samp1Line1,2015172131934,250m_16_days_NDVI,0.5513
MYD13Q1.A2008073.h12v12.006.2015172162524.250m_16_days_NDVI,MYD13Q1,A2008073,Lat-37.23767Lon-73.3125Samp1Line1,2015172162524,250m_16_days_NDVI,0.3482
MYD13Q1.A2008089.h12v12.006.2015173012234.250m_16_days_NDVI,MYD13Q1,A2008089,Lat-37.23767Lon-73.3125Samp1Line1,2015173012234,250m_16_days_NDVI,0.1879
MYD13Q1.A2008105.h12v12.006.2015173133752.250m_16_days_NDVI,MYD13Q1,A2008105,Lat-37.23767Lon-73.3125Samp1Line1,2015173133752,250m_16_days_NDVI,0.6002
MYD13Q1.A2008121.h12v12.006.2015173160721.250m_16_days_NDVI,MYD13Q1,A2008121,Lat-37.23767Lon-73.3125Samp1Line1,2015173160721,250m_16_days_NDVI,0.3472
MYD13Q1.A2008137.h12v12.006.2015175085524.250m_16_days_NDVI,MYD13Q1,A2008137,Lat-37.23767Lon-73.3125Samp1Line1,2015175085524,250m_16_days_NDVI,0.3687
MYD13Q1.A2008153.h12v12.006.2015175092326.250m_16_days_NDVI,MYD13Q1,A2008153,Lat-37.23767Lon-73.3125Samp1Line1,2015175092326,250m_16_days_NDVI,0.5124
MYD13Q1.A2008169.h12v12.006.2015176143704.250m_16_days_NDVI,MYD13Q1,A2008169,Lat-37.23767Lon-73.3125Samp1Line1,2015176143704,250m_16_days_NDVI,0.3562
MYD13Q1.A2008185.h12v12.006.2015176140148.250m_16_days_NDVI,MYD13Q1,A2008185,Lat-37.23767Lon-73.3125Samp1Line1,2015176140148,250m_16_days_NDVI,0.0364
MYD13Q1.A2008201.h12v12.006.2015177171129.250m_16_days_NDVI,MYD13Q1,A2008201,Lat-37.23767Lon-73.3125Samp1Line1,2015177171129,250m_16_days_NDVI,0.2383
MYD13Q1.A2008217.h12v12.006.2015177173807.250m_16_days_NDVI,MYD13Q1,A2008217,Lat-37.23767Lon-73.3125Samp1Line1,2015177173807,250m_16_days_NDVI,0.2465
MYD13Q1.A2008233.h12v12.006.2015178170523.250m_16_days_NDVI,MYD13Q1,A2008233,Lat-37.23767Lon-73.3125Samp1Line1,2015178170523,250m_16_days_NDVI,0.4709
MYD13Q1.A2008249.h12v12.006.2015179222801.250m_16_days_NDVI,MYD13Q1,A2008249,Lat-37.23767Lon-73.3125Samp1Line1,2015179222801,250m_16_days_NDVI,0.2015
MYD13Q1.A2008265.h12v12.006.2015180055210.250m_16_days_NDVI,MYD13Q1,A2008265,Lat-37.23767Lon-73.3125Samp1Line1,2015180055210,250m_16_days_NDVI,0.1976
MYD13Q1.A2008281.h12v12.006.2015180223155.250m_16_days_NDVI,MYD13Q1,A2008281,Lat-37.23767Lon-73.3125Samp1Line1,2015180223155,250m_16_days_NDVI,0.3291
MYD13Q1.A2008297.h12v12.006.2015180222022.250m_16_days_NDVI,MYD13Q1,A2008297,Lat-37.23767Lon-73.3125Samp1Line1,2015180222022,250m_16_days_NDVI,0.4688
MYD13Q1.A2008313.h12v12.006.2015182095010.250m_16_days_NDVI,MYD13Q1,A2008313,Lat-37.23767Lon-73.3125Samp1Line1,2015182095010,250m_16_days_NDVI,0.4852
MYD13Q1.A2008329.h12v12.006.2015182100901.250m_16_days_NDVI,MYD13Q1,A2008329,Lat-37.23767Lon-73.3125Samp1Line1,2015182100901,250m_16_days_NDVI,0.4742
MYD13Q1.A2008345.h12v12.006.2015184021745.250m_16_days_NDVI,MYD13Q1,A2008345,Lat-37.23767Lon-73.3125Samp1Line1,2015184021745,250m_16_days_NDVI,0.3906
MYD13Q1.A2008361.h12v12.006.2018222150519.250m_16_days_NDVI,MYD13Q1,A2008361,Lat-37.23767Lon-73.3125Samp1Line1,2018222150519,250m_16_days_NDVI,0.4019
MYD13Q1.A2009009.h12v12.006.2015186061607.250m_16_days_NDVI,MYD13Q1,A2009009,Lat-37.23767Lon-73.3125Samp1Line1,2015186061607,250m_16_days_NDVI,0.5391
MYD13Q1.A2009025.h12v12.006.2015186063444.250m_16_days_NDVI,MYD13Q1,A2009025,Lat-37.23767Lon-73.3125Samp1Line1,2015186063444,250m_16_days_NDVI,0.5284
MYD13Q1.A2009041.h12v12.006.2015187061217.250m_16_days_NDVI,MYD13Q1,A2009041,Lat-37.23767Lon-73.3125Samp1Line1,2015187061217,250m_16_days_NDVI,0.3156
MYD13Q1.A2009057.h12v12.006.2015187062718.250m_16_days_NDVI,MYD13Q1,A2009057,Lat-37.23767Lon-73.3125Samp1Line1,2015187062718,250m_16_days_NDVI,0.5237
MYD13Q1.A2009073.h12v12.006.2015188084535.250m_16_days_NDVI,MYD13Q1,A2009073,Lat-37.23767Lon-73.3125Samp1Line1,2015188084535,250m_16_days_NDVI,0.5426
MYD13Q1.A2009089.h12v12.006.2015188085450.250m_16_days_NDVI,MYD13Q1,A2009089,Lat-37.23767Lon-73.3125Samp1Line1,2015188085450,250m_16_days_NDVI,0.5194
MYD13Q1.A2009105.h12v12.006.2015189135651.250m_16_days_NDVI,MYD13Q1,A2009105,Lat-37.23767Lon-73.3125Samp1Line1,2015189135651,250m_16_days_NDVI,0.1407
MYD13Q1.A2009121.h12v12.006.2015189135751.250m_16_days_NDVI,MYD13Q1,A2009121,Lat-37.23767Lon-73.3125Samp1Line1,2015189135751,250m_16_days_NDVI,0.3946
MYD13Q1.A2009137.h12v12.006.2015190095812.250m_16_days_NDVI,MYD13Q1,A2009137,Lat-37.23767Lon-73.3125Samp1Line1,2015190095812,250m_16_days_NDVI,0.2063
MYD13Q1.A2009153.h12v12.006.2015190115002.250m_16_days_NDVI,MYD13Q1,A2009153,Lat-37.23767Lon-73.3125Samp1Line1,2015190115002,250m_16_days_NDVI,0.53
MYD13Q1.A2009169.h12v12.006.2015191085149.250m_16_days_NDVI,MYD13Q1,A2009169,Lat-37.23767Lon-73.3125Samp1Line1,2015191085149,250m_16_days_NDVI,0.2293
MYD13Q1.A2009185.h12v12.006.2015191082310.250m_16_days_NDVI,MYD13Q1,A2009185,Lat-37.23767Lon-73.3125Samp1Line1,2015191082310,250m_16_days_NDVI,0.4576
MYD13Q1.A2009201.h12v12.006.2015192134828.250m_16_days_NDVI,MYD13Q1,A2009201,Lat-37.23767Lon-73.3125Samp1Line1,2015192134828,250m_16_days_NDVI,0.41
MYD13Q1.A2009217.h12v12.006.2015192133000.250m_16_days_NDVI,MYD13Q1,A2009217,Lat-37.23767Lon-73.3125Samp1Line1,2015192133000,250m_16_days_NDVI,0.2495
MYD13Q1.A2009233.h12v12.006.2015194135042.250m_16_days_NDVI,MYD13Q1,A2009233,Lat-37.23767Lon-73.3125Samp1Line1,2015194135042,250m_16_days_NDVI,0.1948
MYD13Q1.A2009249.h12v12.006.2015194143248.250m_16_days_NDVI,MYD13Q1,A2009249,Lat-37.23767Lon-73.3125Samp1Line1,2015194143248,250m_16_days_NDVI,0.464
MYD13Q1.A2009265.h12v12.006.2015195130616.250m_16_days_NDVI,MYD13Q1,A2009265,Lat-37.23767Lon-73.3125Samp1Line1,2015195130616,250m_16_days_NDVI,0.467
MYD13Q1.A2009281.h12v12.006.2015195135745.250m_16_days_NDVI,MYD13Q1,A2009281,Lat-37.23767Lon-73.3125Samp1Line1,2015195135745,250m_16_days_NDVI,0.5219
MYD13Q1.A2009297.h12v12.006.2015196112043.250m_16_days_NDVI,MYD13Q1,A2009297,Lat-37.23767Lon-73.3125Samp1Line1,2015196112043,250m_16_days_NDVI,0.4828
MYD13Q1.A2009313.h12v12.006.2015196120748.250m_16_days_NDVI,MYD13Q1,A2009313,Lat-37.23767Lon-73.3125Samp1Line1,2015196120748,250m_16_days_NDVI,0.2107
MYD13Q1.A2009329.h12v12.006.2015197074230.250m_16_days_NDVI,MYD13Q1,A2009329,Lat-37.23767Lon-73.3125Samp1Line1,2015197074230,250m_16_days_NDVI,0.3246
MYD13Q1.A2009345.h12v12.006.2015197074019.250m_16_days_NDVI,MYD13Q1,A2009345,Lat-37.23767Lon-73.3125Samp1Line1,2015197074019,250m_16_days_NDVI,0.5285
MYD13Q1.A2009361.h12v12.006.2018222150810.250m_16_days_NDVI,MYD13Q1,A2009361,Lat-37.23767Lon-73.3125Samp1Line1,2018222150810,250m_16_days_NDVI,0.3383
MYD13Q1.A2010009.h12v12.006.2015201153804.250m_16_days_NDVI,MYD13Q1,A2010009,Lat-37.23767Lon-73.3125Samp1Line1,2015201153804,250m_16_days_NDVI,0.6184
MYD13Q1.A2010025.h12v12.006.2015199100349.250m_16_days_NDVI,MYD13Q1,A2010025,Lat-37.23767Lon-73.3125Samp1Line1,2015199100349,250m_16_days_NDVI,0.5722
MYD13Q1.A2010041.h12v12.006.2015199101219.250m_16_days_NDVI,MYD13Q1,A2010041,Lat-37.23767Lon-73.3125Samp1Line1,2015199101219,250m_16_days_NDVI,0.5842
MYD13Q1.A2010057.h12v12.006.2015199101159.250m_16_days_NDVI,MYD13Q1,A2010057,Lat-37.23767Lon-73.3125Samp1Line1,2015199101159,250m_16_days_NDVI,0.5015
MYD13Q1.A2010073.h12v12.006.2015208200000.250m_16_days_NDVI,MYD13Q1,A2010073,Lat-37.23767Lon-73.3125Samp1Line1,2015208200000,250m_16_days_NDVI,0.4331
MYD13Q1.A2010089.h12v12.006.2015206085334.250m_16_days_NDVI,MYD13Q1,A2010089,Lat-37.23767Lon-73.3125Samp1Line1,2015206085334,250m_16_days_NDVI,0.1459
MYD13Q1.A2010105.h12v12.006.2015206093322.250m_16_days_NDVI,MYD13Q1,A2010105,Lat-37.23767Lon-73.3125Samp1Line1,2015206093322,250m_16_days_NDVI,0.482
MYD13Q1.A2010121.h12v12.006.2015207143615.250m_16_days_NDVI,MYD13Q1,A2010121,Lat-37.23767Lon-73.3125Samp1Line1,2015207143615,250m_16_days_NDVI,0.5093
MYD13Q1.A2010137.h12v12.006.2015207160710.250m_16_days_NDVI,MYD13Q1,A2010137,Lat-37.23767Lon-73.3125Samp1Line1,2015207160710,250m_16_days_NDVI,0.4958
MYD13Q1.A2010153.h12v12.006.2015208145003.250m_16_days_NDVI,MYD13Q1,A2010153,Lat-37.23767Lon-73.3125Samp1Line1,2015208145003,250m_16_days_NDVI,0.5261
MYD13Q1.A2010169.h12v12.006.2015208180842.250m_16_days_NDVI,MYD13Q1,A2010169,Lat-37.23767Lon-73.3125Samp1Line1,2015208180842,250m_16_days_NDVI,0.3799
MYD13Q1.A2010185.h12v12.006.2015209020755.250m_16_days_NDVI,MYD13Q1,A2010185,Lat-37.23767Lon-73.3125Samp1Line1,2015209020755,250m_16_days_NDVI,0.1301
MYD13Q1.A2010201.h12v12.006.2015209124754.250m_16_days_NDVI,MYD13Q1,A2010201,Lat-37.23767Lon-73.3125Samp1Line1,2015209124754,250m_16_days_NDVI,0.1618
MYD13Q1.A2010217.h12v12.006.2015209143502.250m_16_days_NDVI,MYD13Q1,A2010217,Lat-37.23767Lon-73.3125Samp1Line1,2015209143502,250m_16_days_NDVI,0.3389
MYD13Q1.A2010233.h12v12.006.2015210122718.250m_16_days_NDVI,MYD13Q1,A2010233,Lat-37.23767Lon-73.3125Samp1Line1,2015210122718,250m_16_days_NDVI,0.3553
MYD13Q1.A2010249.h12v12.006.2015210131110.250m_16_days_NDVI,MYD13Q1,A2010249,Lat-37.23767Lon-73.3125Samp1Line1,2015210131110,250m_16_days_NDVI,0.4338
MYD13Q1.A2010265.h12v12.006.2015211035333.250m_16_days_NDVI,MYD13Q1,A2010265,Lat-37.23767Lon-73.3125Samp1Line1,2015211035333,250m_16_days_NDVI,0.2804
MYD13Q1.A2010281.h12v12.006.2015211205054.250m_16_days_NDVI,MYD13Q1,A2010281,Lat-37.23767Lon-73.3125Samp1Line1,2015211205054,250m_16_days_NDVI,0.2474
MYD13Q1.A2010297.h12v12.006.2015212045915.250m_16_days_NDVI,MYD13Q1,A2010297,Lat-37.23767Lon-73.3125Samp1Line1,2015212045915,250m_16_days_NDVI,0.4664
MYD13Q1.A2010313.h12v12.006.2015213071827.250m_16_days_NDVI,MYD13Q1,A2010313,Lat-37.23767Lon-73.3125Samp1Line1,2015213071827,250m_16_days_NDVI,0.5878
MYD13Q1.A2010329.h12v12.006.2015213073336.250m_16_days_NDVI,MYD13Q1,A2010329,Lat-37.23767Lon-73.3125Samp1Line1,2015213073336,250m_16_days_NDVI,0.4037
MYD13Q1.A2010345.h12v12.006.2015214015816.250m_16_days_NDVI,MYD13Q1,A2010345,Lat-37.23767Lon-73.3125Samp1Line1,2015214015816,250m_16_days_NDVI,0.5822
MYD13Q1.A2010361.h12v12.006.2018226122222.250m_16_days_NDVI,MYD13Q1,A2010361,Lat-37.23767Lon-73.3125Samp1Line1,2018226122222,250m_16_days_NDVI,0.4144
MYD13Q1.A2011009.h12v12.006.2015216115023.250m_16_days_NDVI,MYD13Q1,A2011009,Lat-37.23767Lon-73.3125Samp1Line1,2015216115023,250m_16_days_NDVI,0.4144
MYD13Q1.A2011025.h12v12.006.2015216113108.250m_16_days_NDVI,MYD13Q1,A2011025,Lat-37.23767Lon-73.3125Samp1Line1,2015216113108,250m_16_days_NDVI,0.5047
MYD13Q1.A2011041.h12v12.006.2015216123349.250m_16_days_NDVI,MYD13Q1,A2011041,Lat-37.23767Lon-73.3125Samp1Line1,2015216123349,250m_16_days_NDVI,0.3405
MYD13Q1.A2011057.h12v12.006.2015216230622.250m_16_days_NDVI,MYD13Q1,A2011057,Lat-37.23767Lon-73.3125Samp1Line1,2015216230622,250m_16_days_NDVI,0.3384
MYD13Q1.A2011073.h12v12.006.2015217081339.250m_16_days_NDVI,MYD13Q1,A2011073,Lat-37.23767Lon-73.3125Samp1Line1,2015217081339,250m_16_days_NDVI,0.5732
MYD13Q1.A2011089.h12v12.006.2015218102945.250m_16_days_NDVI,MYD13Q1,A2011089,Lat-37.23767Lon-73.3125Samp1Line1,2015218102945,250m_16_days_NDVI,0.3517
MYD13Q1.A2011105.h12v12.006.2015218124037.250m_16_days_NDVI,MYD13Q1,A2011105,Lat-37.23767Lon-73.3125Samp1Line1,2015218124037,250m_16_days_NDVI,0.4564
MYD13Q1.A2011121.h12v12.006.2015218225000.250m_16_days_NDVI,MYD13Q1,A2011121,Lat-37.23767Lon-73.3125Samp1Line1,2015218225000,250m_16_days_NDVI,0.5889
MYD13Q1.A2011137.h12v12.006.2015219125939.250m_16_days_NDVI,MYD13Q1,A2011137,Lat-37.23767Lon-73.3125Samp1Line1,2015219125939,250m_16_days_NDVI,0.5918
MYD13Q1.A2011153.h12v12.006.2015219145937.250m_16_days_NDVI,MYD13Q1,A2011153,Lat-37.23767Lon-73.3125Samp1Line1,2015219145937,250m_16_days_NDVI,0.4682
MYD13Q1.A2011169.h12v12.006.2015220154241.250m_16_days_NDVI,MYD13Q1,A2011169,Lat-37.23767Lon-73.3125Samp1Line1,2015220154241,250m_16_days_NDVI,0.3179
MYD13Q1.A2011185.h12v12.006.2015220162328.250m_16_days_NDVI,MYD13Q1,A2011185,Lat-37.23767Lon-73.3125Samp1Line1,2015220162328,250m_16_days_NDVI,0.2717
MYD13Q1.A2011201.h12v12.006.2015220202322.250m_16_days_NDVI,MYD13Q1,A2011201,Lat-37.23767Lon-73.3125Samp1Line1,2015220202322,250m_16_days_NDVI,0.5342
MYD13Q1.A2011217.h12v12.006.2015221085206.250m_16_days_NDVI,MYD13Q1,A2011217,Lat-37.23767Lon-73.3125Samp1Line1,2015221085206,250m_16_days_NDVI,0.5073
MYD13Q1.A2011233.h12v12.006.2015221104341.250m_16_days_NDVI,MYD13Q1,A2011233,Lat-37.23767Lon-73.3125Samp1Line1,2015221104341,250m_16_days_NDVI,0.4737
MYD13Q1.A2011249.h12v12.006.2015222031201.250m_16_days_NDVI,MYD13Q1,A2011249,Lat-37.23767Lon-73.3125Samp1Line1,2015222031201,250m_16_days_NDVI,0.2887
MYD13Q1.A2011265.h12v12.006.2015222101614.250m_16_days_NDVI,MYD13Q1,A2011265,Lat-37.23767Lon-73.3125Samp1Line1,2015222101614,250m_16_days_NDVI,0.3452
MYD13Q1.A2011281.h12v12.006.2015222233249.250m_16_days_NDVI,MYD13Q1,A2011281,Lat-37.23767Lon-73.3125Samp1Line1,2015222233249,250m_16_days_NDVI,0.361
MYD13Q1.A2011297.h12v12.006.2015229102215.250m_16_days_NDVI,MYD13Q1,A2011297,Lat-37.23767Lon-73.3125Samp1Line1,2015229102215,250m_16_days_NDVI,0.5534
MYD13Q1.A2011313.h12v12.006.2015229111959.250m_16_days_NDVI,MYD13Q1,A2011313,Lat-37.23767Lon-73.3125Samp1Line1,2015229111959,250m_16_days_NDVI,0.5076
MYD13Q1.A2011329.h12v12.006.2015230034140.250m_16_days_NDVI,MYD13Q1,A2011329,Lat-37.23767Lon-73.3125Samp1Line1,2015230034140,250m_16_days_NDVI,0.4119
MYD13Q1.A2011345.h12v12.006.2015230043230.250m_16_days_NDVI,MYD13Q1,A2011345,Lat-37.23767Lon-73.3125Samp1Line1,2015230043230,250m_16_days_NDVI,0.3393
MYD13Q1.A2011361.h12v12.006.2018222151038.250m_16_days_NDVI,MYD13Q1,A2011361,Lat-37.23767Lon-73.3125Samp1Line1,2018222151038,250m_16_days_NDVI,0.5445
MYD13Q1.A2012009.h12v12.006.2015237135812.250m_16_days_NDVI,MYD13Q1,A2012009,Lat-37.23767Lon-73.3125Samp1Line1,2015237135812,250m_16_days_NDVI,0.5225
MYD13Q1.A2012025.h12v12.006.2015237100607.250m_16_days_NDVI,MYD13Q1,A2012025,Lat-37.23767Lon-73.3125Samp1Line1,2015237100607,250m_16_days_NDVI,0.5102
MYD13Q1.A2012041.h12v12.006.2015238134232.250m_16_days_NDVI,MYD13Q1,A2012041,Lat-37.23767Lon-73.3125Samp1Line1,2015238134232,250m_16_days_NDVI,0.3042
MYD13Q1.A2012057.h12v12.006.2015238152501.250m_16_days_NDVI,MYD13Q1,A2012057,Lat-37.23767Lon-73.3125Samp1Line1,2015238152501,250m_16_days_NDVI,0.2902
MYD13Q1.A2012073.h12v12.006.2015238152158.250m_16_days_NDVI,MYD13Q1,A2012073,Lat-37.23767Lon-73.3125Samp1Line1,2015238152158,250m_16_days_NDVI,0.5319
MYD13Q1.A2012089.h12v12.006.2015247135921.250m_16_days_NDVI,MYD13Q1,A2012089,Lat-37.23767Lon-73.3125Samp1Line1,2015247135921,250m_16_days_NDVI,0.4579
MYD13Q1.A2012105.h12v12.006.2015247140045.250m_16_days_NDVI,MYD13Q1,A2012105,Lat-37.23767Lon-73.3125Samp1Line1,2015247140045,250m_16_days_NDVI,0.5063
MYD13Q1.A2012121.h12v12.006.2015245235804.250m_16_days_NDVI,MYD13Q1,A2012121,Lat-37.23767Lon-73.3125Samp1Line1,2015245235804,250m_16_days_NDVI,0.3869
MYD13Q1.A2012137.h12v12.006.2015246091320.250m_16_days_NDVI,MYD13Q1,A2012137,Lat-37.23767Lon-73.3125Samp1Line1,2015246091320,250m_16_days_NDVI,0.1319
MYD13Q1.A2012153.h12v12.006.2015246091441.250m_16_days_NDVI,MYD13Q1,A2012153,Lat-37.23767Lon-73.3125Samp1Line1,2015246091441,250m_16_days_NDVI,F
MYD13Q1.A2012169.h12v12.006.2018240083248.250m_16_days_NDVI,MYD13Q1,A2012169,Lat-37.23767Lon-73.3125Samp1Line1,2018240083248,250m_16_days_NDVI,0.515
MYD13Q1.A2012185.h12v12.006.2015247091618.250m_16_days_NDVI,MYD13Q1,A2012185,Lat-37.23767Lon-73.3125Samp1Line1,2015247091618,250m_16_days_NDVI,0.506
MYD13Q1.A2012201.h12v12.006.2015248175123.250m_16_days_NDVI,MYD13Q1,A2012201,Lat-37.23767Lon-73.3125Samp1Line1,2015248175123,250m_16_days_NDVI,0.4794
MYD13Q1.A2012217.h12v12.006.2015248143852.250m_16_days_NDVI,MYD13Q1,A2012217,Lat-37.23767Lon-73.3125Samp1Line1,2015248143852,250m_16_days_NDVI,0.2806
MYD13Q1.A2012233.h12v12.006.2015248183806.250m_16_days_NDVI,MYD13Q1,A2012233,Lat-37.23767Lon-73.3125Samp1Line1,2015248183806,250m_16_days_NDVI,0.2841
MYD13Q1.A2012249.h12v12.006.2015249111752.250m_16_days_NDVI,MYD13Q1,A2012249,Lat-37.23767Lon-73.3125Samp1Line1,2015249111752,250m_16_days_NDVI,0.5403
MYD13Q1.A2012265.h12v12.006.2015249151744.250m_16_days_NDVI,MYD13Q1,A2012265,Lat-37.23767Lon-73.3125Samp1Line1,2015249151744,250m_16_days_NDVI,0.2622
MYD13Q1.A2012281.h12v12.006.2015251045432.250m_16_days_NDVI,MYD13Q1,A2012281,Lat-37.23767Lon-73.3125Samp1Line1,2015251045432,250m_16_days_NDVI,0.5353
MYD13Q1.A2012297.h12v12.006.2015251130823.250m_16_days_NDVI,MYD13Q1,A2012297,Lat-37.23767Lon-73.3125Samp1Line1,2015251130823,250m_16_days_NDVI,0.5502
MYD13Q1.A2012313.h12v12.006.2015252110515.250m_16_days_NDVI,MYD13Q1,A2012313,Lat-37.23767Lon-73.3125Samp1Line1,2015252110515,250m_16_days_NDVI,0.5067
MYD13Q1.A2012329.h12v12.006.2015252211539.250m_16_days_NDVI,MYD13Q1,A2012329,Lat-37.23767Lon-73.3125Samp1Line1,2015252211539,250m_16_days_NDVI,F
MYD13Q1.A2012345.h12v12.006.2015252234734.250m_16_days_NDVI,MYD13Q1,A2012345,Lat-37.23767Lon-73.3125Samp1Line1,2015252234734,250m_16_days_NDVI,0.6398
MYD13Q1.A2012361.h12v12.006.2018226122859.250m_16_days_NDVI,MYD13Q1,A2012361,Lat-37.23767Lon-73.3125Samp1Line1,2018226122859,250m_16_days_NDVI,0.4698
MYD13Q1.A2013009.h12v12.006.2015254180253.250m_16_days_NDVI,MYD13Q1,A2013009,Lat-37.23767Lon-73.3125Samp1Line1,2015254180253,250m_16_days_NDVI,0.4698
MYD13Q1.A2013025.h12v12.006.2015254181316.250m_16_days_NDVI,MYD13Q1,A2013025,Lat-37.23767Lon-73.3125Samp1Line1,2015254181316,250m_16_days_NDVI,0.4586
MYD13Q1.A2013041.h12v12.006.2015256154403.250m_16_days_NDVI,MYD13Q1,A2013041,Lat-37.23767Lon-73.3125Samp1Line1,2015256154403,250m_16_days_NDVI,0.4953
MYD13Q1.A2013057.h12v12.006.2015256171247.250m_16_days_NDVI,MYD13Q1,A2013057,Lat-37.23767Lon-73.3125Samp1Line1,2015256171247,250m_16_days_NDVI,0.5835
MYD13Q1.A2013073.h12v12.006.2015256174257.250m_16_days_NDVI,MYD13Q1,A2013073,Lat-37.23767Lon-73.3125Samp1Line1,2015256174257,250m_16_days_NDVI,0.8593
MYD13Q1.A2013089.h12v12.006.2015257073458.250m_16_days_NDVI,MYD13Q1,A2013089,Lat-37.23767Lon-73.3125Samp1Line1,2015257073458,250m_16_days_NDVI,0.4641
MYD13Q1.A2013105.h12v12.006.2015257101701.250m_16_days_NDVI,MYD13Q1,A2013105,Lat-37.23767Lon-73.3125Samp1Line1,2015257101701,250m_16_days_NDVI,0.6156
MYD13Q1.A2013121.h12v12.006.2015260152731.250m_16_days_NDVI,MYD13Q1,A2013121,Lat-37.23767Lon-73.3125Samp1Line1,2015260152731,250m_16_days_NDVI,0.6074
MYD13Q1.A2013137.h12v12.006.2015260174426.250m_16_days_NDVI,MYD13Q1,A2013137,Lat-37.23767Lon-73.3125Samp1Line1,2015260174426,250m_16_days_NDVI,0.0275
MYD13Q1.A2013153.h12v12.006.2015262134858.250m_16_days_NDVI,MYD13Q1,A2013153,Lat-37.23767Lon-73.3125Samp1Line1,2015262134858,250m_16_days_NDVI,0.4994
MYD13Q1.A2013169.h12v12.006.2015262153057.250m_16_days_NDVI,MYD13Q1,A2013169,Lat-37.23767Lon-73.3125Samp1Line1,2015262153057,250m_16_days_NDVI,0.5777
MYD13Q1.A2013185.h12v12.006.2015262172619.250m_16_days_NDVI,MYD13Q1,A2013185,Lat-37.23767Lon-73.3125Samp1Line1,2015262172619,250m_16_days_NDVI,0.4259
MYD13Q1.A2013201.h12v12.006.2015264132353.250m_16_days_NDVI,MYD13Q1,A2013201,Lat-37.23767Lon-73.3125Samp1Line1,2015264132353,250m_16_days_NDVI,0.3728
MYD13Q1.A2013217.h12v12.006.2015264134026.250m_16_days_NDVI,MYD13Q1,A2013217,Lat-37.23767Lon-73.3125Samp1Line1,2015264134026,250m_16_days_NDVI,0.5485
MYD13Q1.A2013233.h12v12.006.2015265025015.250m_16_days_NDVI,MYD13Q1,A2013233,Lat-37.23767Lon-73.3125Samp1Line1,2015265025015,250m_16_days_NDVI,0.534
MYD13Q1.A2013249.h12v12.006.2015265032833.250m_16_days_NDVI,MYD13Q1,A2013249,Lat-37.23767Lon-73.3125Samp1Line1,2015265032833,250m_16_days_NDVI,0.4177
MYD13Q1.A2013265.h12v12.006.2015265033452.250m_16_days_NDVI,MYD13Q1,A2013265,Lat-37.23767Lon-73.3125Samp1Line1,2015265033452,250m_16_days_NDVI,0.478
MYD13Q1.A2013281.h12v12.006.2015269221306.250m_16_days_NDVI,MYD13Q1,A2013281,Lat-37.23767Lon-73.3125Samp1Line1,2015269221306,250m_16_days_NDVI,0.3832
MYD13Q1.A2013297.h12v12.006.2015269230420.250m_16_days_NDVI,MYD13Q1,A2013297,Lat-37.23767Lon-73.3125Samp1Line1,2015269230420,250m_16_days_NDVI,0.5317
MYD13Q1.A2013313.h12v12.006.2015271071434.250m_16_days_NDVI,MYD13Q1,A2013313,Lat-37.23767Lon-73.3125Samp1Line1,2015271071434,250m_16_days_NDVI,0.545
MYD13Q1.A2013329.h12v12.006.2015271123645.250m_16_days_NDVI,MYD13Q1,A2013329,Lat-37.23767Lon-73.3125Samp1Line1,2015271123645,250m_16_days_NDVI,0.511
MYD13Q1.A2013345.h12v12.006.2015271125113.250m_16_days_NDVI,MYD13Q1,A2013345,Lat-37.23767Lon-73.3125Samp1Line1,2015271125113,250m_16_days_NDVI,0.449
MYD13Q1.A2013361.h12v12.006.2018222151219.250m_16_days_NDVI,MYD13Q1,A2013361,Lat-37.23767Lon-73.3125Samp1Line1,2018222151219,250m_16_days_NDVI,0.435
MYD13Q1.A2014009.h12v12.006.2015273115100.250m_16_days_NDVI,MYD13Q1,A2014009,Lat-37.23767Lon-73.3125Samp1Line1,2015273115100,250m_16_days_NDVI,0.3587
MYD13Q1.A2014025.h12v12.006.2015274221205.250m_16_days_NDVI,MYD13Q1,A2014025,Lat-37.23767Lon-73.3125Samp1Line1,2015274221205,250m_16_days_NDVI,0.4417
MYD13Q1.A2014041.h12v12.006.2015274234552.250m_16_days_NDVI,MYD13Q1,A2014041,Lat-37.23767Lon-73.3125Samp1Line1,2015274234552,250m_16_days_NDVI,0.4722
MYD13Q1.A2014057.h12v12.006.2015278112721.250m_16_days_NDVI,MYD13Q1,A2014057,Lat-37.23767Lon-73.3125Samp1Line1,2015278112721,250m_16_days_NDVI,0.3483
MYD13Q1.A2014073.h12v12.006.2015278185816.250m_16_days_NDVI,MYD13Q1,A2014073,Lat-37.23767Lon-73.3125Samp1Line1,2015278185816,250m_16_days_NDVI,0.317
MYD13Q1.A2014089.h12v12.006.2015278191649.250m_16_days_NDVI,MYD13Q1,A2014089,Lat-37.23767Lon-73.3125Samp1Line1,2015278191649,250m_16_days_NDVI,0.4304
MYD13Q1.A2014105.h12v12.006.2015279135206.250m_16_days_NDVI,MYD13Q1,A2014105,Lat-37.23767Lon-73.3125Samp1Line1,2015279135206,250m_16_days_NDVI,0.3746
MYD13Q1.A2014121.h12v12.006.2015279212110.250m_16_days_NDVI,MYD13Q1,A2014121,Lat-37.23767Lon-73.3125Samp1Line1,2015279212110,250m_16_days_NDVI,0.3802
MYD13Q1.A2014137.h12v12.006.2015281105048.250m_16_days_NDVI,MYD13Q1,A2014137,Lat-37.23767Lon-73.3125Samp1Line1,2015281105048,250m_16_days_NDVI,0.3944
MYD13Q1.A2014153.h12v12.006.2015288062759.250m_16_days_NDVI,MYD13Q1,A2014153,Lat-37.23767Lon-73.3125Samp1Line1,2015288062759,250m_16_days_NDVI,0.4266
MYD13Q1.A2014169.h12v12.006.2015288045239.250m_16_days_NDVI,MYD13Q1,A2014169,Lat-37.23767Lon-73.3125Samp1Line1,2015288045239,250m_16_days_NDVI,0.4243
MYD13Q1.A2014185.h12v12.006.2015288190449.250m_16_days_NDVI,MYD13Q1,A2014185,Lat-37.23767Lon-73.3125Samp1Line1,2015288190449,250m_16_days_NDVI,0.5436
MYD13Q1.A2014201.h12v12.006.2015289004542.250m_16_days_NDVI,MYD13Q1,A2014201,Lat-37.23767Lon-73.3125Samp1Line1,2015289004542,250m_16_days_NDVI,0.4976
MYD13Q1.A2014217.h12v12.006.2015289024244.250m_16_days_NDVI,MYD13Q1,A2014217,Lat-37.23767Lon-73.3125Samp1Line1,2015289024244,250m_16_days_NDVI,0.5083
MYD13Q1.A2014233.h12v12.006.2015290032809.250m_16_days_NDVI,MYD13Q1,A2014233,Lat-37.23767Lon-73.3125Samp1Line1,2015290032809,250m_16_days_NDVI,0.3229
MYD13Q1.A2014249.h12v12.006.2015290044123.250m_16_days_NDVI,MYD13Q1,A2014249,Lat-37.23767Lon-73.3125Samp1Line1,2015290044123,250m_16_days_NDVI,0.5385
MYD13Q1.A2014265.h12v12.006.2015291082714.250m_16_days_NDVI,MYD13Q1,A2014265,Lat-37.23767Lon-73.3125Samp1Line1,2015291082714,250m_16_days_NDVI,0.5423
MYD13Q1.A2014281.h12v12.006.2015291090117.250m_16_days_NDVI,MYD13Q1,A2014281,Lat-37.23767Lon-73.3125Samp1Line1,2015291090117,250m_16_days_NDVI,0.536
MYD13Q1.A2014297.h12v12.006.2015292025019.250m_16_days_NDVI,MYD13Q1,A2014297,Lat-37.23767Lon-73.3125Samp1Line1,2015292025019,250m_16_days_NDVI,0.5622
MYD13Q1.A2014313.h12v12.006.2015292054137.250m_16_days_NDVI,MYD13Q1,A2014313,Lat-37.23767Lon-73.3125Samp1Line1,2015292054137,250m_16_days_NDVI,0.4438
MYD13Q1.A2014329.h12v12.006.2015292054200.250m_16_days_NDVI,MYD13Q1,A2014329,Lat-37.23767Lon-73.3125Samp1Line1,2015292054200,250m_16_days_NDVI,0.5225
MYD13Q1.A2014345.h12v12.006.2015293230804.250m_16_days_NDVI,MYD13Q1,A2014345,Lat-37.23767Lon-73.3125Samp1Line1,2015293230804,250m_16_days_NDVI,0.3766
MYD13Q1.A2014361.h12v12.006.2018222151402.250m_16_days_NDVI,MYD13Q1,A2014361,Lat-37.23767Lon-73.3125Samp1Line1,2018222151402,250m_16_days_NDVI,0.438
MYD13Q1.A2015009.h12v12.006.2015295084157.250m_16_days_NDVI,MYD13Q1,A2015009,Lat-37.23767Lon-73.3125Samp1Line1,2015295084157,250m_16_days_NDVI,0.3369
MYD13Q1.A2015025.h12v12.006.2015296013443.250m_16_days_NDVI,MYD13Q1,A2015025,Lat-37.23767Lon-73.3125Samp1Line1,2015296013443,250m_16_days_NDVI,0.359
MYD13Q1.A2015041.h12v12.006.2015296235916.250m_16_days_NDVI,MYD13Q1,A2015041,Lat-37.23767Lon-73.3125Samp1Line1,2015296235916,250m_16_days_NDVI,F
MYD13Q1.A2015057.h12v12.006.2015297013003.250m_16_days_NDVI,MYD13Q1,A2015057,Lat-37.23767Lon-73.3125Samp1Line1,2015297013003,250m_16_days_NDVI,0.4137
MYD13Q1.A2015073.h12v12.006.2015298212832.250m_16_days_NDVI,MYD13Q1,A2015073,Lat-37.23767Lon-73.3125Samp1Line1,2015298212832,250m_16_days_NDVI,0.3246
MYD13Q1.A2015089.h12v12.006.2015299021409.250m_16_days_NDVI,MYD13Q1,A2015089,Lat-37.23767Lon-73.3125Samp1Line1,2015299021409,250m_16_days_NDVI,0.462
MYD13Q1.A2015105.h12v12.006.2015298231427.250m_16_days_NDVI,MYD13Q1,A2015105,Lat-37.23767Lon-73.3125Samp1Line1,2015298231427,250m_16_days_NDVI,0.4595
MYD13Q1.A2015121.h12v12.006.2015299131643.250m_16_days_NDVI,MYD13Q1,A2015121,Lat-37.23767Lon-73.3125Samp1Line1,2015299131643,250m_16_days_NDVI,0.4385
MYD13Q1.A2015137.h12v12.006.2015299151400.250m_16_days_NDVI,MYD13Q1,A2015137,Lat-37.23767Lon-73.3125Samp1Line1,2015299151400,250m_16_days_NDVI,F
MYD13Q1.A2015153.h12v12.006.2015301052506.250m_16_days_NDVI,MYD13Q1,A2015153,Lat-37.23767Lon-73.3125Samp1Line1,2015301052506,250m_16_days_NDVI,0.481
MYD13Q1.A2015169.h12v12.006.2015301172519.250m_16_days_NDVI,MYD13Q1,A2015169,Lat-37.23767Lon-73.3125Samp1Line1,2015301172519,250m_16_days_NDVI,0.6229
MYD13Q1.A2015185.h12v12.006.2015303033724.250m_16_days_NDVI,MYD13Q1,A2015185,Lat-37.23767Lon-73.3125Samp1Line1,2015303033724,250m_16_days_NDVI,0.6253
MYD13Q1.A2015201.h12v12.006.2015304014647.250m_16_days_NDVI,MYD13Q1,A2015201,Lat-37.23767Lon-73.3125Samp1Line1,2015304014647,250m_16_days_NDVI,0.5204
MYD13Q1.A2015217.h12v12.006.2015307022917.250m_16_days_NDVI,MYD13Q1,A2015217,Lat-37.23767Lon-73.3125Samp1Line1,2015307022917,250m_16_days_NDVI,0.5093
MYD13Q1.A2015233.h12v12.006.2015307202024.250m_16_days_NDVI,MYD13Q1,A2015233,Lat-37.23767Lon-73.3125Samp1Line1,2015307202024,250m_16_days_NDVI,0.6396
MYD13Q1.A2015249.h12v12.006.2015307195953.250m_16_days_NDVI,MYD13Q1,A2015249,Lat-37.23767Lon-73.3125Samp1Line1,2015307195953,250m_16_days_NDVI,0.6055
MYD13Q1.A2015265.h12v12.006.2015307203306.250m_16_days_NDVI,MYD13Q1,A2015265,Lat-37.23767Lon-73.3125Samp1Line1,2015307203306,250m_16_days_NDVI,0.335
MYD13Q1.A2015281.h12v12.006.2015309193452.250m_16_days_NDVI,MYD13Q1,A2015281,Lat-37.23767Lon-73.3125Samp1Line1,2015309193452,250m_16_days_NDVI,0.5569
MYD13Q1.A2015297.h12v12.006.2015334155332.250m_16_days_NDVI,MYD13Q1,A2015297,Lat-37.23767Lon-73.3125Samp1Line1,2015334155332,250m_16_days_NDVI,0.522
MYD13Q1.A2015313.h12v12.006.2015341182049.250m_16_days_NDVI,MYD13Q1,A2015313,Lat-37.23767Lon-73.3125Samp1Line1,2015341182049,250m_16_days_NDVI,0.3798
MYD13Q1.A2015329.h12v12.006.2016004171254.250m_16_days_NDVI,MYD13Q1,A2015329,Lat-37.23767Lon-73.3125Samp1Line1,2016004171254,250m_16_days_NDVI,0.5756
MYD13Q1.A2015345.h12v12.006.2016004172922.250m_16_days_NDVI,MYD13Q1,A2015345,Lat-37.23767Lon-73.3125Samp1Line1,2016004172922,250m_16_days_NDVI,0.5216
MYD13Q1.A2015361.h12v12.006.2018222151608.250m_16_days_NDVI,MYD13Q1,A2015361,Lat-37.23767Lon-73.3125Samp1Line1,2018222151608,250m_16_days_NDVI,0.5557
MYD13Q1.A2016009.h12v12.006.2016027150737.250m_16_days_NDVI,MYD13Q1,A2016009,Lat-37.23767Lon-73.3125Samp1Line1,2016027150737,250m_16_days_NDVI,0.5557
MYD13Q1.A2016025.h12v12.006.2016043094159.250m_16_days_NDVI,MYD13Q1,A2016025,Lat-37.23767Lon-73.3125Samp1Line1,2016043094159,250m_16_days_NDVI,0.4647
MYD13Q1.A2016041.h12v12.006.2016068081113.250m_16_days_NDVI,MYD13Q1,A2016041,Lat-37.23767Lon-73.3125Samp1Line1,2016068081113,250m_16_days_NDVI,0.4971
MYD13Q1.A2016057.h12v12.006.2016084121004.250m_16_days_NDVI,MYD13Q1,A2016057,Lat-37.23767Lon-73.3125Samp1Line1,2016084121004,250m_16_days_NDVI,0.4689
MYD13Q1.A2016073.h12v12.006.2016096071648.250m_16_days_NDVI,MYD13Q1,A2016073,Lat-37.23767Lon-73.3125Samp1Line1,2016096071648,250m_16_days_NDVI,0.4574
MYD13Q1.A2016089.h12v12.006.2016110160437.250m_16_days_NDVI,MYD13Q1,A2016089,Lat-37.23767Lon-73.3125Samp1Line1,2016110160437,250m_16_days_NDVI,0.445
MYD13Q1.A2016105.h12v12.006.2016123093958.250m_16_days_NDVI,MYD13Q1,A2016105,Lat-37.23767Lon-73.3125Samp1Line1,2016123093958,250m_16_days_NDVI,0.4601
MYD13Q1.A2016121.h12v12.006.2016140121255.250m_16_days_NDVI,MYD13Q1,A2016121,Lat-37.23767Lon-73.3125Samp1Line1,2016140121255,250m_16_days_NDVI,0.477
MYD13Q1.A2016137.h12v12.006.2016165123208.250m_16_days_NDVI,MYD13Q1,A2016137,Lat-37.23767Lon-73.3125Samp1Line1,2016165123208,250m_16_days_NDVI,0.5657
MYD13Q1.A2016153.h12v12.006.2016173013006.250m_16_days_NDVI,MYD13Q1,A2016153,Lat-37.23767Lon-73.3125Samp1Line1,2016173013006,250m_16_days_NDVI,0.5239
MYD13Q1.A2016169.h12v12.006.2016188130738.250m_16_days_NDVI,MYD13Q1,A2016169,Lat-37.23767Lon-73.3125Samp1Line1,2016188130738,250m_16_days_NDVI,0.5245
MYD13Q1.A2016185.h12v12.006.2016202025759.250m_16_days_NDVI,MYD13Q1,A2016185,Lat-37.23767Lon-73.3125Samp1Line1,2016202025759,250m_16_days_NDVI,0.5126
MYD13Q1.A2016201.h12v12.006.2016223020714.250m_16_days_NDVI,MYD13Q1,A2016201,Lat-37.23767Lon-73.3125Samp1Line1,2016223020714,250m_16_days_NDVI,0.6313
MYD13Q1.A2016217.h12v12.006.2016237024045.250m_16_days_NDVI,MYD13Q1,A2016217,Lat-37.23767Lon-73.3125Samp1Line1,2016237024045,250m_16_days_NDVI,0.4904
MYD13Q1.A2016233.h12v12.006.2016250034724.250m_16_days_NDVI,MYD13Q1,A2016233,Lat-37.23767Lon-73.3125Samp1Line1,2016250034724,250m_16_days_NDVI,0.5421
MYD13Q1.A2016249.h12v12.006.2016266030611.250m_16_days_NDVI,MYD13Q1,A2016249,Lat-37.23767Lon-73.3125Samp1Line1,2016266030611,250m_16_days_NDVI,0.4578
MYD13Q1.A2016265.h12v12.006.2016282025238.250m_16_days_NDVI,MYD13Q1,A2016265,Lat-37.23767Lon-73.3125Samp1Line1,2016282025238,250m_16_days_NDVI,0.5666
MYD13Q1.A2016281.h12v12.006.2016299225806.250m_16_days_NDVI,MYD13Q1,A2016281,Lat-37.23767Lon-73.3125Samp1Line1,2016299225806,250m_16_days_NDVI,0.555
MYD13Q1.A2016297.h12v12.006.2016314154209.250m_16_days_NDVI,MYD13Q1,A2016297,Lat-37.23767Lon-73.3125Samp1Line1,2016314154209,250m_16_days_NDVI,0.625
MYD13Q1.A2016313.h12v12.006.2016337200258.250m_16_days_NDVI,MYD13Q1,A2016313,Lat-37.23767Lon-73.3125Samp1Line1,2016337200258,250m_16_days_NDVI,0.5829
MYD13Q1.A2016329.h12v12.006.2016348141759.250m_16_days_NDVI,MYD13Q1,A2016329,Lat-37.23767Lon-73.3125Samp1Line1,2016348141759,250m_16_days_NDVI,0.5104
MYD13Q1.A2016345.h12v12.006.2016362113309.250m_16_days_NDVI,MYD13Q1,A2016345,Lat-37.23767Lon-73.3125Samp1Line1,2016362113309,250m_16_days_NDVI,0.5155
MYD13Q1.A2016361.h12v12.006.2017285133501.250m_16_days_NDVI,MYD13Q1,A2016361,Lat-37.23767Lon-73.3125Samp1Line1,2017285133501,250m_16_days_NDVI,0.4097
MYD13Q1.A2017009.h12v12.006.2017026094220.250m_16_days_NDVI,MYD13Q1,A2017009,Lat-37.23767Lon-73.3125Samp1Line1,2017026094220,250m_16_days_NDVI,0.4097
MYD13Q1.A2017025.h12v12.006.2017046151304.250m_16_days_NDVI,MYD13Q1,A2017025,Lat-37.23767Lon-73.3125Samp1Line1,2017046151304,250m_16_days_NDVI,0.5146
MYD13Q1.A2017041.h12v12.006.2017058110330.250m_16_days_NDVI,MYD13Q1,A2017041,Lat-37.23767Lon-73.3125Samp1Line1,2017058110330,250m_16_days_NDVI,0.5022
MYD13Q1.A2017057.h12v12.006.2017074230829.250m_16_days_NDVI,MYD13Q1,A2017057,Lat-37.23767Lon-73.3125Samp1Line1,2017074230829,250m_16_days_NDVI,0.4466
MYD13Q1.A2017073.h12v12.006.2017094142037.250m_16_days_NDVI,MYD13Q1,A2017073,Lat-37.23767Lon-73.3125Samp1Line1,2017094142037,250m_16_days_NDVI,0.4936
MYD13Q1.A2017089.h12v12.006.2017108182524.250m_16_days_NDVI,MYD13Q1,A2017089,Lat-37.23767Lon-73.3125Samp1Line1,2017108182524,250m_16_days_NDVI,0.5292
MYD13Q1.A2017105.h12v12.006.2017123135215.250m_16_days_NDVI,MYD13Q1,A2017105,Lat-37.23767Lon-73.3125Samp1Line1,2017123135215,250m_16_days_NDVI,0.4913
MYD13Q1.A2017121.h12v12.006.2017137232418.250m_16_days_NDVI,MYD13Q1,A2017121,Lat-37.23767Lon-73.3125Samp1Line1,2017137232418,250m_16_days_NDVI,0.5111
MYD13Q1.A2017137.h12v12.006.2017153233310.250m_16_days_NDVI,MYD13Q1,A2017137,Lat-37.23767Lon-73.3125Samp1Line1,2017153233310,250m_16_days_NDVI,0.5754
MYD13Q1.A2017153.h12v12.006.2017172112918.250m_16_days_NDVI,MYD13Q1,A2017153,Lat-37.23767Lon-73.3125Samp1Line1,2017172112918,250m_16_days_NDVI,0.5279
MYD13Q1.A2017169.h12v12.006.2017191161911.250m_16_days_NDVI,MYD13Q1,A2017169,Lat-37.23767Lon-73.3125Samp1Line1,2017191161911,250m_16_days_NDVI,0.4997
MYD13Q1.A2017185.h12v12.006.2017201232745.250m_16_days_NDVI,MYD13Q1,A2017185,Lat-37.23767Lon-73.3125Samp1Line1,2017201232745,250m_16_days_NDVI,0.4443
MYD13Q1.A2017201.h12v12.006.2017219101335.250m_16_days_NDVI,MYD13Q1,A2017201,Lat-37.23767Lon-73.3125Samp1Line1,2017219101335,250m_16_days_NDVI,0.4556
MYD13Q1.A2017217.h12v12.006.2017234082224.250m_16_days_NDVI,MYD13Q1,A2017217,Lat-37.23767Lon-73.3125Samp1Line1,2017234082224,250m_16_days_NDVI,0.4572
MYD13Q1.A2017233.h12v12.006.2017250103525.250m_16_days_NDVI,MYD13Q1,A2017233,Lat-37.23767Lon-73.3125Samp1Line1,2017250103525,250m_16_days_NDVI,0.4325
MYD13Q1.A2017249.h12v12.006.2017265235520.250m_16_days_NDVI,MYD13Q1,A2017249,Lat-37.23767Lon-73.3125Samp1Line1,2017265235520,250m_16_days_NDVI,0.447
MYD13Q1.A2017265.h12v12.006.2017281235655.250m_16_days_NDVI,MYD13Q1,A2017265,Lat-37.23767Lon-73.3125Samp1Line1,2017281235655,250m_16_days_NDVI,0.4438
MYD13Q1.A2017281.h12v12.006.2017297234541.250m_16_days_NDVI,MYD13Q1,A2017281,Lat-37.23767Lon-73.3125Samp1Line1,2017297234541,250m_16_days_NDVI,0.5022
MYD13Q1.A2017297.h12v12.006.2017313220515.250m_16_days_NDVI,MYD13Q1,A2017297,Lat-37.23767Lon-73.3125Samp1Line1,2017313220515,250m_16_days_NDVI,0.7038
MYD13Q1.A2017313.h12v12.006.2017333111058.250m_16_days_NDVI,MYD13Q1,A2017313,Lat-37.23767Lon-73.3125Samp1Line1,2017333111058,250m_16_days_NDVI,0.6868
MYD13Q1.A2017329.h12v12.006.2017345224033.250m_16_days_NDVI,MYD13Q1,A2017329,Lat-37.23767Lon-73.3125Samp1Line1,2017345224033,250m_16_days_NDVI,0.569
MYD13Q1.A2017345.h12v12.006.2017361231714.250m_16_days_NDVI,MYD13Q1,A2017345,Lat-37.23767Lon-73.3125Samp1Line1,2017361231714,250m_16_days_NDVI,0.4993
MYD13Q1.A2017361.h12v12.006.2018011100116.250m_16_days_NDVI,MYD13Q1,A2017361,Lat-37.23767Lon-73.3125Samp1Line1,2018011100116,250m_16_days_NDVI,0.4477
MYD13Q1.A2018009.h12v12.006.2018026105833.250m_16_days_NDVI,MYD13Q1,A2018009,Lat-37.23767Lon-73.3125Samp1Line1,2018026105833,250m_16_days_NDVI,0.4021
MYD13Q1.A2018025.h12v12.006.2018043152610.250m_16_days_NDVI,MYD13Q1,A2018025,Lat-37.23767Lon-73.3125Samp1Line1,2018043152610,250m_16_days_NDVI,0.4942
MYD13Q1.A2018041.h12v12.006.2018059113836.250m_16_days_NDVI,MYD13Q1,A2018041,Lat-37.23767Lon-73.3125Samp1Line1,2018059113836,250m_16_days_NDVI,0.4705
MYD13Q1.A2018057.h12v12.006.2018073235211.250m_16_days_NDVI,MYD13Q1,A2018057,Lat-37.23767Lon-73.3125Samp1Line1,2018073235211,250m_16_days_NDVI,0.4875
MYD13Q1.A2018073.h12v12.006.2018095123606.250m_16_days_NDVI,MYD13Q1,A2018073,Lat-37.23767Lon-73.3125Samp1Line1,2018095123606,250m_16_days_NDVI,0.5104
MYD13Q1.A2018089.h12v12.006.2018108143825.250m_16_days_NDVI,MYD13Q1,A2018089,Lat-37.23767Lon-73.3125Samp1Line1,2018108143825,250m_16_days_NDVI,0.472
MYD13Q1.A2018105.h12v12.006.2018121234850.250m_16_days_NDVI,MYD13Q1,A2018105,Lat-37.23767Lon-73.3125Samp1Line1,2018121234850,250m_16_days_NDVI,0.4595
MYD13Q1.A2018121.h12v12.006.2018137234610.250m_16_days_NDVI,MYD13Q1,A2018121,Lat-37.23767Lon-73.3125Samp1Line1,2018137234610,250m_16_days_NDVI,0.5718
MYD13Q1.A2018137.h12v12.006.2018154000747.250m_16_days_NDVI,MYD13Q1,A2018137,Lat-37.23767Lon-73.3125Samp1Line1,2018154000747,250m_16_days_NDVI,0.5785
MYD13Q1.A2018153.h12v12.006.2018170001627.250m_16_days_NDVI,MYD13Q1,A2018153,Lat-37.23767Lon-73.3125Samp1Line1,2018170001627,250m_16_days_NDVI,0.5972
MYD13Q1.A2018169.h12v12.006.2018190103728.250m_16_days_NDVI,MYD13Q1,A2018169,Lat-37.23767Lon-73.3125Samp1Line1,2018190103728,250m_16_days_NDVI,0.4912
MYD13Q1.A2018185.h12v12.006.2018204121343.250m_16_days_NDVI,MYD13Q1,A2018185,Lat-37.23767Lon-73.3125Samp1Line1,2018204121343,250m_16_days_NDVI,0.6285
MYD13Q1.A2018201.h12v12.006.2018220193137.250m_16_days_NDVI,MYD13Q1,A2018201,Lat-37.23767Lon-73.3125Samp1Line1,2018220193137,250m_16_days_NDVI,0.5113
MYD13Q1.A2018217.h12v12.006.2018235151301.250m_16_days_NDVI,MYD13Q1,A2018217,Lat-37.23767Lon-73.3125Samp1Line1,2018235151301,250m_16_days_NDVI,0.479
MYD13Q1.A2018233.h12v12.006.2018250000436.250m_16_days_NDVI,MYD13Q1,A2018233,Lat-37.23767Lon-73.3125Samp1Line1,2018250000436,250m_16_days_NDVI,0.5888
MYD13Q1.A2018249.h12v12.006.2018267165516.250m_16_days_NDVI,MYD13Q1,A2018249,Lat-37.23767Lon-73.3125Samp1Line1,2018267165516,250m_16_days_NDVI,0.5811
MYD13Q1.A2018265.h12v12.006.2018289111728.250m_16_days_NDVI,MYD13Q1,A2018265,Lat-37.23767Lon-73.3125Samp1Line1,2018289111728,250m_16_days_NDVI,0.6203
MYD13Q1.A2018281.h12v12.006.2018303081507.250m_16_days_NDVI,MYD13Q1,A2018281,Lat-37.23767Lon-73.3125Samp1Line1,2018303081507,250m_16_days_NDVI,0.7339
MYD13Q1.A2018297.h12v12.006.2018316103910.250m_16_days_NDVI,MYD13Q1,A2018297,Lat-37.23767Lon-73.3125Samp1Line1,2018316103910,250m_16_days_NDVI,0.561
MYD13Q1.A2018313.h12v12.006.2018330212430.250m_16_days_NDVI,MYD13Q1,A2018313,Lat-37.23767Lon-73.3125Samp1Line1,2018330212430,250m_16_days_NDVI,0.6352
MYD13Q1.A2018329.h12v12.006.2018365153650.250m_16_days_NDVI,MYD13Q1,A2018329,Lat-37.23767Lon-73.3125Samp1Line1,2018365153650,250m_16_days_NDVI,0.6784
MYD13Q1.A2018345.h12v12.006.2018365152841.250m_16_days_NDVI,MYD13Q1,A2018345,Lat-37.23767Lon-73.3125Samp1Line1,2018365152841,250m_16_days_NDVI,0.6005
MYD13Q1.A2018361.h12v12.006.2019015131830.250m_16_days_NDVI,MYD13Q1,A2018361,Lat-37.23767Lon-73.3125Samp1Line1,2019015131830,250m_16_days_NDVI,0.5554
